
 /----------------------------------------------------------------------------\
 |  yosys -- Yosys Open SYnthesis Suite                                       |
 |  Copyright (C) 2012 - 2026  Claire Xenia Wolf <claire@yosyshq.com>         |
 |  Distributed under an ISC-like license, type "license" to see terms        |
 \----------------------------------------------------------------------------/
 Yosys 0.62+39 (git sha1 131911291, clang++ 18.1.8 -fPIC -O3)

-- Parsing `OscillatorTop.v' using frontend ` -vlog2k' --

1. Executing Verilog-2005 frontend: OscillatorTop.v
Parsing Verilog input from `OscillatorTop.v' to AST representation.
Storing AST representation for module `$abstract\OscillatorTop'.
Storing AST representation for module `$abstract\I2STransmitter'.
Storing AST representation for module `$abstract\Decimator'.
Storing AST representation for module `$abstract\Oscillator'.
Storing AST representation for module `$abstract\TimingGenerator'.
Storing AST representation for module `$abstract\Mux'.
Storing AST representation for module `$abstract\Noise'.
Storing AST representation for module `$abstract\Generators'.
Storing AST representation for module `$abstract\Accumulator'.
Successfully finished Verilog frontend.

-- Parsing `pll_1.v' using frontend ` -vlog2k' --

2. Executing Verilog-2005 frontend: pll_1.v
Parsing Verilog input from `pll_1.v' to AST representation.
Storing AST representation for module `$abstract\pll1'.
Successfully finished Verilog frontend.

-- Parsing `pll_2.v' using frontend ` -vlog2k' --

3. Executing Verilog-2005 frontend: pll_2.v
Parsing Verilog input from `pll_2.v' to AST representation.
Storing AST representation for module `$abstract\pll2'.
Successfully finished Verilog frontend.

-- Running command `synth_ecp5 -top OscillatorTop -json OscillatorTop.json' --

4. Executing SYNTH_LATTICE pass.

4.1. Executing Verilog-2005 frontend: /home/moss/installs/EDA/oss-cad-suite/lib/../share/yosys/lattice/cells_sim_ecp5.v
Parsing Verilog input from `/home/moss/installs/EDA/oss-cad-suite/lib/../share/yosys/lattice/cells_sim_ecp5.v' to AST representation.
Generating RTLIL representation for module `\LUT4'.
Generating RTLIL representation for module `\$__ABC9_LUT5'.
Generating RTLIL representation for module `\$__ABC9_LUT6'.
Generating RTLIL representation for module `\$__ABC9_LUT7'.
Generating RTLIL representation for module `\L6MUX21'.
Generating RTLIL representation for module `\TRELLIS_RAM16X2'.
Generating RTLIL representation for module `\PFUMX'.
Generating RTLIL representation for module `\TRELLIS_DPR16X4'.
Generating RTLIL representation for module `\DPR16X4C'.
Generating RTLIL representation for module `\LUT2'.
Generating RTLIL representation for module `\TRELLIS_FF'.
Generating RTLIL representation for module `\TRELLIS_IO'.
Generating RTLIL representation for module `\INV'.
Generating RTLIL representation for module `\TRELLIS_COMB'.
Generating RTLIL representation for module `\VLO'.
Generating RTLIL representation for module `\VHI'.
Generating RTLIL representation for module `\FD1P3AX'.
Generating RTLIL representation for module `\FD1P3AY'.
Generating RTLIL representation for module `\FD1P3BX'.
Generating RTLIL representation for module `\FD1P3DX'.
Generating RTLIL representation for module `\FD1P3IX'.
Generating RTLIL representation for module `\FD1P3JX'.
Generating RTLIL representation for module `\FD1S3AX'.
Generating RTLIL representation for module `\FD1S3AY'.
Generating RTLIL representation for module `\FD1S3BX'.
Generating RTLIL representation for module `\FD1S3DX'.
Generating RTLIL representation for module `\FD1S3IX'.
Generating RTLIL representation for module `\FD1S3JX'.
Generating RTLIL representation for module `\IFS1P3BX'.
Generating RTLIL representation for module `\IFS1P3DX'.
Generating RTLIL representation for module `\IFS1P3IX'.
Generating RTLIL representation for module `\IFS1P3JX'.
Generating RTLIL representation for module `\OFS1P3BX'.
Generating RTLIL representation for module `\OFS1P3DX'.
Generating RTLIL representation for module `\OFS1P3IX'.
Generating RTLIL representation for module `\OFS1P3JX'.
Generating RTLIL representation for module `\IB'.
Generating RTLIL representation for module `\IBPU'.
Generating RTLIL representation for module `\IBPD'.
Generating RTLIL representation for module `\OB'.
Generating RTLIL representation for module `\OBZ'.
Generating RTLIL representation for module `\OBZPU'.
Generating RTLIL representation for module `\OBZPD'.
Generating RTLIL representation for module `\OBCO'.
Generating RTLIL representation for module `\BB'.
Generating RTLIL representation for module `\BBPU'.
Generating RTLIL representation for module `\BBPD'.
Generating RTLIL representation for module `\ILVDS'.
Generating RTLIL representation for module `\OLVDS'.
Generating RTLIL representation for module `\CCU2C'.
Generating RTLIL representation for module `\DP16KD'.
Replacing existing blackbox module `\FD1P3AX' at /home/moss/installs/EDA/oss-cad-suite/lib/../share/yosys/lattice/cells_ff.vh:2.1-2.261.
Generating RTLIL representation for module `\FD1P3AX'.
Replacing existing blackbox module `\FD1P3AY' at /home/moss/installs/EDA/oss-cad-suite/lib/../share/yosys/lattice/cells_ff.vh:3.1-3.261.
Generating RTLIL representation for module `\FD1P3AY'.
Replacing existing blackbox module `\FD1P3BX' at /home/moss/installs/EDA/oss-cad-suite/lib/../share/yosys/lattice/cells_ff.vh:4.1-4.261.
Generating RTLIL representation for module `\FD1P3BX'.
Replacing existing blackbox module `\FD1P3DX' at /home/moss/installs/EDA/oss-cad-suite/lib/../share/yosys/lattice/cells_ff.vh:5.1-5.261.
Generating RTLIL representation for module `\FD1P3DX'.
Replacing existing blackbox module `\FD1P3IX' at /home/moss/installs/EDA/oss-cad-suite/lib/../share/yosys/lattice/cells_ff.vh:6.1-6.261.
Generating RTLIL representation for module `\FD1P3IX'.
Replacing existing blackbox module `\FD1P3JX' at /home/moss/installs/EDA/oss-cad-suite/lib/../share/yosys/lattice/cells_ff.vh:7.1-7.261.
Generating RTLIL representation for module `\FD1P3JX'.
Replacing existing blackbox module `\FD1S3AX' at /home/moss/installs/EDA/oss-cad-suite/lib/../share/yosys/lattice/cells_ff.vh:8.1-8.261.
Generating RTLIL representation for module `\FD1S3AX'.
Replacing existing blackbox module `\FD1S3AY' at /home/moss/installs/EDA/oss-cad-suite/lib/../share/yosys/lattice/cells_ff.vh:9.1-9.261.
Generating RTLIL representation for module `\FD1S3AY'.
Replacing existing blackbox module `\FD1S3BX' at /home/moss/installs/EDA/oss-cad-suite/lib/../share/yosys/lattice/cells_ff.vh:10.1-10.261.
Generating RTLIL representation for module `\FD1S3BX'.
Replacing existing blackbox module `\FD1S3DX' at /home/moss/installs/EDA/oss-cad-suite/lib/../share/yosys/lattice/cells_ff.vh:11.1-11.261.
Generating RTLIL representation for module `\FD1S3DX'.
Replacing existing blackbox module `\FD1S3IX' at /home/moss/installs/EDA/oss-cad-suite/lib/../share/yosys/lattice/cells_ff.vh:12.1-12.261.
Generating RTLIL representation for module `\FD1S3IX'.
Replacing existing blackbox module `\FD1S3JX' at /home/moss/installs/EDA/oss-cad-suite/lib/../share/yosys/lattice/cells_ff.vh:13.1-13.261.
Generating RTLIL representation for module `\FD1S3JX'.
Replacing existing blackbox module `\IFS1P3BX' at /home/moss/installs/EDA/oss-cad-suite/lib/../share/yosys/lattice/cells_ff.vh:26.1-26.301.
Generating RTLIL representation for module `\IFS1P3BX'.
Replacing existing blackbox module `\IFS1P3DX' at /home/moss/installs/EDA/oss-cad-suite/lib/../share/yosys/lattice/cells_ff.vh:27.1-27.301.
Generating RTLIL representation for module `\IFS1P3DX'.
Replacing existing blackbox module `\IFS1P3IX' at /home/moss/installs/EDA/oss-cad-suite/lib/../share/yosys/lattice/cells_ff.vh:28.1-28.301.
Generating RTLIL representation for module `\IFS1P3IX'.
Replacing existing blackbox module `\IFS1P3JX' at /home/moss/installs/EDA/oss-cad-suite/lib/../share/yosys/lattice/cells_ff.vh:29.1-29.301.
Generating RTLIL representation for module `\IFS1P3JX'.
Replacing existing blackbox module `\OFS1P3BX' at /home/moss/installs/EDA/oss-cad-suite/lib/../share/yosys/lattice/cells_ff.vh:31.1-31.302.
Generating RTLIL representation for module `\OFS1P3BX'.
Replacing existing blackbox module `\OFS1P3DX' at /home/moss/installs/EDA/oss-cad-suite/lib/../share/yosys/lattice/cells_ff.vh:32.1-32.302.
Generating RTLIL representation for module `\OFS1P3DX'.
Replacing existing blackbox module `\OFS1P3IX' at /home/moss/installs/EDA/oss-cad-suite/lib/../share/yosys/lattice/cells_ff.vh:33.1-33.302.
Generating RTLIL representation for module `\OFS1P3IX'.
Replacing existing blackbox module `\OFS1P3JX' at /home/moss/installs/EDA/oss-cad-suite/lib/../share/yosys/lattice/cells_ff.vh:34.1-34.302.
Generating RTLIL representation for module `\OFS1P3JX'.
Replacing existing blackbox module `\IB' at /home/moss/installs/EDA/oss-cad-suite/lib/../share/yosys/lattice/cells_io.vh:2.1-2.157.
Generating RTLIL representation for module `\IB'.
Replacing existing blackbox module `\IBPU' at /home/moss/installs/EDA/oss-cad-suite/lib/../share/yosys/lattice/cells_io.vh:3.1-3.157.
Generating RTLIL representation for module `\IBPU'.
Replacing existing blackbox module `\IBPD' at /home/moss/installs/EDA/oss-cad-suite/lib/../share/yosys/lattice/cells_io.vh:4.1-4.157.
Generating RTLIL representation for module `\IBPD'.
Replacing existing blackbox module `\OB' at /home/moss/installs/EDA/oss-cad-suite/lib/../share/yosys/lattice/cells_io.vh:5.1-5.157.
Generating RTLIL representation for module `\OB'.
Replacing existing blackbox module `\OBZ' at /home/moss/installs/EDA/oss-cad-suite/lib/../share/yosys/lattice/cells_io.vh:6.1-6.164.
Generating RTLIL representation for module `\OBZ'.
Replacing existing blackbox module `\OBZPU' at /home/moss/installs/EDA/oss-cad-suite/lib/../share/yosys/lattice/cells_io.vh:7.1-7.164.
Generating RTLIL representation for module `\OBZPU'.
Replacing existing blackbox module `\OBZPD' at /home/moss/installs/EDA/oss-cad-suite/lib/../share/yosys/lattice/cells_io.vh:8.1-8.164.
Generating RTLIL representation for module `\OBZPD'.
Replacing existing blackbox module `\OBCO' at /home/moss/installs/EDA/oss-cad-suite/lib/../share/yosys/lattice/cells_io.vh:9.1-9.90.
Generating RTLIL representation for module `\OBCO'.
Replacing existing blackbox module `\BB' at /home/moss/installs/EDA/oss-cad-suite/lib/../share/yosys/lattice/cells_io.vh:10.1-10.179.
Generating RTLIL representation for module `\BB'.
Replacing existing blackbox module `\BBPU' at /home/moss/installs/EDA/oss-cad-suite/lib/../share/yosys/lattice/cells_io.vh:11.1-11.179.
Generating RTLIL representation for module `\BBPU'.
Replacing existing blackbox module `\BBPD' at /home/moss/installs/EDA/oss-cad-suite/lib/../share/yosys/lattice/cells_io.vh:12.1-12.179.
Generating RTLIL representation for module `\BBPD'.
Replacing existing blackbox module `\ILVDS' at /home/moss/installs/EDA/oss-cad-suite/lib/../share/yosys/lattice/cells_io.vh:13.1-13.139.
Generating RTLIL representation for module `\ILVDS'.
Replacing existing blackbox module `\OLVDS' at /home/moss/installs/EDA/oss-cad-suite/lib/../share/yosys/lattice/cells_io.vh:14.1-14.146.
Generating RTLIL representation for module `\OLVDS'.
Successfully finished Verilog frontend.

4.2. Executing Verilog-2005 frontend: /home/moss/installs/EDA/oss-cad-suite/lib/../share/yosys/lattice/cells_bb_ecp5.v
Parsing Verilog input from `/home/moss/installs/EDA/oss-cad-suite/lib/../share/yosys/lattice/cells_bb_ecp5.v' to AST representation.
Generating RTLIL representation for module `\GSR'.
Generating RTLIL representation for module `\PUR'.
Generating RTLIL representation for module `\SGSR'.
Generating RTLIL representation for module `\PDPW16KD'.
Generating RTLIL representation for module `\MULT18X18D'.
Generating RTLIL representation for module `\ALU54B'.
Generating RTLIL representation for module `\CLKDIVF'.
Generating RTLIL representation for module `\PCSCLKDIV'.
Generating RTLIL representation for module `\DCSC'.
Generating RTLIL representation for module `\DCCA'.
Generating RTLIL representation for module `\ECLKSYNCB'.
Generating RTLIL representation for module `\ECLKBRIDGECS'.
Generating RTLIL representation for module `\DELAYF'.
Generating RTLIL representation for module `\DELAYG'.
Generating RTLIL representation for module `\USRMCLK'.
Generating RTLIL representation for module `\DQSBUFM'.
Generating RTLIL representation for module `\DDRDLLA'.
Generating RTLIL representation for module `\DLLDELD'.
Generating RTLIL representation for module `\IDDRX1F'.
Generating RTLIL representation for module `\IDDRX2F'.
Generating RTLIL representation for module `\IDDR71B'.
Generating RTLIL representation for module `\IDDRX2DQA'.
Generating RTLIL representation for module `\ODDRX1F'.
Generating RTLIL representation for module `\ODDRX2F'.
Generating RTLIL representation for module `\ODDR71B'.
Generating RTLIL representation for module `\OSHX2A'.
Generating RTLIL representation for module `\TSHX2DQA'.
Generating RTLIL representation for module `\TSHX2DQSA'.
Generating RTLIL representation for module `\ODDRX2DQA'.
Generating RTLIL representation for module `\ODDRX2DQSB'.
Generating RTLIL representation for module `\EHXPLLL'.
Generating RTLIL representation for module `\DTR'.
Generating RTLIL representation for module `\OSCG'.
Generating RTLIL representation for module `\EXTREFB'.
Generating RTLIL representation for module `\JTAGG'.
Generating RTLIL representation for module `\DCUA'.
Successfully finished Verilog frontend.

4.3. Executing HIERARCHY pass (managing design hierarchy).

4.4. Executing AST frontend in derive mode using pre-parsed AST for module `\OscillatorTop'.
Generating RTLIL representation for module `\OscillatorTop'.

4.4.1. Analyzing design hierarchy..
Top module:  \OscillatorTop

4.4.2. Executing AST frontend in derive mode using pre-parsed AST for module `\I2STransmitter'.
Generating RTLIL representation for module `\I2STransmitter'.

4.4.3. Executing AST frontend in derive mode using pre-parsed AST for module `\Decimator'.
Generating RTLIL representation for module `\Decimator'.

4.4.4. Executing AST frontend in derive mode using pre-parsed AST for module `\Oscillator'.
Generating RTLIL representation for module `\Oscillator'.

4.4.5. Executing AST frontend in derive mode using pre-parsed AST for module `\TimingGenerator'.
Generating RTLIL representation for module `\TimingGenerator'.

4.4.6. Executing AST frontend in derive mode using pre-parsed AST for module `\pll2'.
Generating RTLIL representation for module `\pll2'.

4.4.7. Executing AST frontend in derive mode using pre-parsed AST for module `\pll1'.
Generating RTLIL representation for module `\pll1'.

4.4.8. Analyzing design hierarchy..
Top module:  \OscillatorTop
Used module:     \I2STransmitter
Used module:     \Decimator
Used module:     \Oscillator
Used module:     \TimingGenerator
Used module:     \pll2
Used module:     \pll1

4.4.9. Executing AST frontend in derive mode using pre-parsed AST for module `\Mux'.
Generating RTLIL representation for module `\Mux'.

4.4.10. Executing AST frontend in derive mode using pre-parsed AST for module `\Noise'.
Generating RTLIL representation for module `\Noise'.

4.4.11. Executing AST frontend in derive mode using pre-parsed AST for module `\Generators'.
Generating RTLIL representation for module `\Generators'.

4.4.12. Executing AST frontend in derive mode using pre-parsed AST for module `\Accumulator'.
Generating RTLIL representation for module `\Accumulator'.

4.4.13. Analyzing design hierarchy..
Top module:  \OscillatorTop
Used module:     \I2STransmitter
Used module:     \Decimator
Used module:     \Oscillator
Used module:         \Mux
Used module:         \Noise
Used module:         \Generators
Used module:         \Accumulator
Used module:     \TimingGenerator
Used module:     \pll2
Used module:     \pll1

4.4.14. Analyzing design hierarchy..
Top module:  \OscillatorTop
Used module:     \I2STransmitter
Used module:     \Decimator
Used module:     \Oscillator
Used module:         \Mux
Used module:         \Noise
Used module:         \Generators
Used module:         \Accumulator
Used module:     \TimingGenerator
Used module:     \pll2
Used module:     \pll1
Removing unused module `$abstract\pll2'.
Removing unused module `$abstract\pll1'.
Removing unused module `$abstract\Accumulator'.
Removing unused module `$abstract\Generators'.
Removing unused module `$abstract\Noise'.
Removing unused module `$abstract\Mux'.
Removing unused module `$abstract\TimingGenerator'.
Removing unused module `$abstract\Oscillator'.
Removing unused module `$abstract\Decimator'.
Removing unused module `$abstract\I2STransmitter'.
Removing unused module `$abstract\OscillatorTop'.
Removed 11 unused modules.

4.5. Executing PROC pass (convert processes to netlists).

4.5.1. Executing PROC_CLEAN pass (remove empty switches from decision trees).
Cleaned up 0 empty switches.

4.5.2. Executing PROC_RMDEAD pass (remove dead branches from decision trees).
Marked 1 switch rules as full_case in process $proc$OscillatorTop.v:469$270 in module Accumulator.
Marked 1 switch rules as full_case in process $proc$OscillatorTop.v:446$267 in module Generators.
Marked 1 switch rules as full_case in process $proc$OscillatorTop.v:413$260 in module Noise.
Marked 1 switch rules as full_case in process $proc$OscillatorTop.v:375$258 in module Mux.
Marked 1 switch rules as full_case in process $proc$OscillatorTop.v:347$257 in module TimingGenerator.
Marked 2 switch rules as full_case in process $proc$OscillatorTop.v:334$255 in module TimingGenerator.
Marked 2 switch rules as full_case in process $proc$OscillatorTop.v:318$250 in module TimingGenerator.
Marked 1 switch rules as full_case in process $proc$OscillatorTop.v:202$244 in module Decimator.
Marked 4 switch rules as full_case in process $proc$OscillatorTop.v:149$240 in module I2STransmitter.
Marked 1 switch rules as full_case in process $proc$OscillatorTop.v:121$227 in module I2STransmitter.
Removed a total of 0 dead cases.

4.5.3. Executing PROC_PRUNE pass (remove redundant assignments in processes).
Removed 5 redundant assignments.
Promoted 7 assignments to connections.

4.5.4. Executing PROC_INIT pass (extract init attributes).

4.5.5. Executing PROC_ARST pass (detect async resets in processes).
Found async reset \io_reset in `\Accumulator.$proc$OscillatorTop.v:469$270'.
Found async reset \io_reset in `\Noise.$proc$OscillatorTop.v:413$260'.
Found async reset \io_reset in `\TimingGenerator.$proc$OscillatorTop.v:347$257'.
Found async reset \io_reset in `\Decimator.$proc$OscillatorTop.v:202$244'.
Found async reset \io_reset in `\I2STransmitter.$proc$OscillatorTop.v:149$240'.

4.5.6. Executing PROC_ROM pass (convert switches to ROMs).
Converted 0 switches.
<suppressed ~14 debug messages>

4.5.7. Executing PROC_MUX pass (convert decision trees to multiplexers).
Creating decoders for process `\Accumulator.$proc$OscillatorTop.v:469$270'.
     1/1: $0\phaseReg[23:0]
Creating decoders for process `\Generators.$proc$OscillatorTop.v:446$267'.
     1/1: $1\triReflected[22:0]
Creating decoders for process `\Noise.$proc$OscillatorTop.v:413$260'.
     1/1: $0\lfsr[22:0]
Creating decoders for process `\Mux.$proc$OscillatorTop.v:375$258'.
     1/1: $1\io_sample[15:0]
Creating decoders for process `\TimingGenerator.$proc$OscillatorTop.v:347$257'.
     1/4: $0\sampleCounter_willOverflow_regNext[0:0]
     2/4: $0\phaseCounter_willOverflow_regNext[0:0]
     3/4: $0\sampleCounter_value[8:0]
     4/4: $0\phaseCounter_value[5:0]
Creating decoders for process `\TimingGenerator.$proc$OscillatorTop.v:334$255'.
     1/2: $2\sampleCounter_valueNext[8:0]
     2/2: $1\sampleCounter_valueNext[8:0]
Creating decoders for process `\TimingGenerator.$proc$OscillatorTop.v:330$252'.
Creating decoders for process `\TimingGenerator.$proc$OscillatorTop.v:318$250'.
     1/2: $2\phaseCounter_valueNext[5:0]
     2/2: $1\phaseCounter_valueNext[5:0]
Creating decoders for process `\TimingGenerator.$proc$OscillatorTop.v:314$247'.
Creating decoders for process `\Decimator.$proc$OscillatorTop.v:202$244'.
     1/2: $0\io_sampleTick_regNext[0:0]
     2/2: $0\sampleReg[15:0]
Creating decoders for process `\I2STransmitter.$proc$OscillatorTop.v:149$240'.
     1/6: $0\active[0:0]
     2/6: $0\sampleBuffer[15:0]
     3/6: $0\shiftReg[15:0]
     4/6: $0\bitCounter[4:0]
     5/6: $0\patternIndex[2:0]
     6/6: $0\cycleCounter[4:0]
Creating decoders for process `\I2STransmitter.$proc$OscillatorTop.v:121$227'.
     1/1: $1\_zz_cycleCounter_1[4:0]

4.5.8. Executing PROC_DLATCH pass (convert process syncs to latches).
No latch inferred for signal `\Generators.\triReflected' from process `\Generators.$proc$OscillatorTop.v:446$267'.
No latch inferred for signal `\Mux.\io_sample' from process `\Mux.$proc$OscillatorTop.v:375$258'.
No latch inferred for signal `\TimingGenerator.\sampleCounter_valueNext' from process `\TimingGenerator.$proc$OscillatorTop.v:334$255'.
No latch inferred for signal `\TimingGenerator.\sampleCounter_willIncrement' from process `\TimingGenerator.$proc$OscillatorTop.v:330$252'.
No latch inferred for signal `\TimingGenerator.\phaseCounter_valueNext' from process `\TimingGenerator.$proc$OscillatorTop.v:318$250'.
No latch inferred for signal `\TimingGenerator.\phaseCounter_willIncrement' from process `\TimingGenerator.$proc$OscillatorTop.v:314$247'.
No latch inferred for signal `\I2STransmitter.\_zz_cycleCounter_1' from process `\I2STransmitter.$proc$OscillatorTop.v:121$227'.

4.5.9. Executing PROC_DFF pass (convert process syncs to FFs).
Creating register for signal `\Accumulator.\phaseReg' using process `\Accumulator.$proc$OscillatorTop.v:469$270'.
  created $adff cell `$procdff$350' with positive edge clock and positive level reset.
Creating register for signal `\Noise.\lfsr' using process `\Noise.$proc$OscillatorTop.v:413$260'.
  created $adff cell `$procdff$353' with positive edge clock and positive level reset.
Creating register for signal `\TimingGenerator.\phaseCounter_value' using process `\TimingGenerator.$proc$OscillatorTop.v:347$257'.
  created $adff cell `$procdff$356' with positive edge clock and positive level reset.
Creating register for signal `\TimingGenerator.\sampleCounter_value' using process `\TimingGenerator.$proc$OscillatorTop.v:347$257'.
  created $adff cell `$procdff$359' with positive edge clock and positive level reset.
Creating register for signal `\TimingGenerator.\phaseCounter_willOverflow_regNext' using process `\TimingGenerator.$proc$OscillatorTop.v:347$257'.
  created $adff cell `$procdff$362' with positive edge clock and positive level reset.
Creating register for signal `\TimingGenerator.\sampleCounter_willOverflow_regNext' using process `\TimingGenerator.$proc$OscillatorTop.v:347$257'.
  created $adff cell `$procdff$365' with positive edge clock and positive level reset.
Creating register for signal `\Decimator.\sampleReg' using process `\Decimator.$proc$OscillatorTop.v:202$244'.
  created $adff cell `$procdff$368' with positive edge clock and positive level reset.
Creating register for signal `\Decimator.\io_sampleTick_regNext' using process `\Decimator.$proc$OscillatorTop.v:202$244'.
  created $adff cell `$procdff$371' with positive edge clock and positive level reset.
Creating register for signal `\I2STransmitter.\cycleCounter' using process `\I2STransmitter.$proc$OscillatorTop.v:149$240'.
  created $adff cell `$procdff$374' with positive edge clock and positive level reset.
Creating register for signal `\I2STransmitter.\patternIndex' using process `\I2STransmitter.$proc$OscillatorTop.v:149$240'.
  created $adff cell `$procdff$377' with positive edge clock and positive level reset.
Creating register for signal `\I2STransmitter.\bitCounter' using process `\I2STransmitter.$proc$OscillatorTop.v:149$240'.
  created $adff cell `$procdff$380' with positive edge clock and positive level reset.
Creating register for signal `\I2STransmitter.\shiftReg' using process `\I2STransmitter.$proc$OscillatorTop.v:149$240'.
  created $adff cell `$procdff$383' with positive edge clock and positive level reset.
Creating register for signal `\I2STransmitter.\sampleBuffer' using process `\I2STransmitter.$proc$OscillatorTop.v:149$240'.
  created $adff cell `$procdff$386' with positive edge clock and positive level reset.
Creating register for signal `\I2STransmitter.\active' using process `\I2STransmitter.$proc$OscillatorTop.v:149$240'.
  created $adff cell `$procdff$389' with positive edge clock and positive level reset.

4.5.10. Executing PROC_MEMWR pass (convert process memory writes to cells).

4.5.11. Executing PROC_CLEAN pass (remove empty switches from decision trees).
Found and cleaned up 1 empty switch in `\Accumulator.$proc$OscillatorTop.v:469$270'.
Removing empty process `Accumulator.$proc$OscillatorTop.v:469$270'.
Found and cleaned up 1 empty switch in `\Generators.$proc$OscillatorTop.v:446$267'.
Removing empty process `Generators.$proc$OscillatorTop.v:446$267'.
Found and cleaned up 1 empty switch in `\Noise.$proc$OscillatorTop.v:413$260'.
Removing empty process `Noise.$proc$OscillatorTop.v:413$260'.
Found and cleaned up 1 empty switch in `\Mux.$proc$OscillatorTop.v:375$258'.
Removing empty process `Mux.$proc$OscillatorTop.v:375$258'.
Removing empty process `TimingGenerator.$proc$OscillatorTop.v:347$257'.
Found and cleaned up 2 empty switches in `\TimingGenerator.$proc$OscillatorTop.v:334$255'.
Removing empty process `TimingGenerator.$proc$OscillatorTop.v:334$255'.
Removing empty process `TimingGenerator.$proc$OscillatorTop.v:330$252'.
Found and cleaned up 2 empty switches in `\TimingGenerator.$proc$OscillatorTop.v:318$250'.
Removing empty process `TimingGenerator.$proc$OscillatorTop.v:318$250'.
Removing empty process `TimingGenerator.$proc$OscillatorTop.v:314$247'.
Found and cleaned up 1 empty switch in `\Decimator.$proc$OscillatorTop.v:202$244'.
Removing empty process `Decimator.$proc$OscillatorTop.v:202$244'.
Found and cleaned up 4 empty switches in `\I2STransmitter.$proc$OscillatorTop.v:149$240'.
Removing empty process `I2STransmitter.$proc$OscillatorTop.v:149$240'.
Found and cleaned up 1 empty switch in `\I2STransmitter.$proc$OscillatorTop.v:121$227'.
Removing empty process `I2STransmitter.$proc$OscillatorTop.v:121$227'.
Cleaned up 14 empty switches.

4.5.12. Executing OPT_EXPR pass (perform const folding).
Optimizing module Accumulator.
<suppressed ~1 debug messages>
Optimizing module Generators.
<suppressed ~5 debug messages>
Optimizing module Noise.
<suppressed ~1 debug messages>
Optimizing module Mux.
<suppressed ~1 debug messages>
Optimizing module pll1.
Optimizing module pll2.
Optimizing module TimingGenerator.
<suppressed ~8 debug messages>
Optimizing module Oscillator.
Optimizing module Decimator.
<suppressed ~2 debug messages>
Optimizing module I2STransmitter.
<suppressed ~11 debug messages>
Optimizing module OscillatorTop.

4.6. Executing FLATTEN pass (flatten design).
Deleting now unused module Accumulator.
Deleting now unused module Generators.
Deleting now unused module Noise.
Deleting now unused module Mux.
Deleting now unused module pll1.
Deleting now unused module pll2.
Deleting now unused module TimingGenerator.
Deleting now unused module Oscillator.
Deleting now unused module Decimator.
Deleting now unused module I2STransmitter.
<suppressed ~10 debug messages>

4.7. Executing TRIBUF pass.

4.8. Executing DEMINOUT pass (demote inout ports to input or output).

4.9. Executing OPT_EXPR pass (perform const folding).
Optimizing module OscillatorTop.
<suppressed ~9 debug messages>

4.10. Executing OPT_CLEAN pass (remove unused cells and wires).
Finding unused cells or wires in module \OscillatorTop..
Removed 1 unused cells and 100 unused wires.
<suppressed ~3 debug messages>

4.11. Executing CHECK pass (checking for obvious problems).
Checking module OscillatorTop...
Found and reported 0 problems.

4.12. Executing OPT pass (performing simple optimizations).

4.12.1. Executing OPT_EXPR pass (perform const folding).
Optimizing module OscillatorTop.

4.12.2. Executing OPT_MERGE pass (detect identical cells).
Finding identical cells in module `\OscillatorTop'.
Computing hashes of 80 cells of `\OscillatorTop'.
Finding duplicate cells in `\OscillatorTop'.
Removed a total of 0 cells.

4.12.3. Executing OPT_MUXTREE pass (detect dead branches in mux trees).
Running muxtree optimizer on module \OscillatorTop..
  Creating internal representation of mux trees.
  Evaluating internal representation of mux trees.
  Analyzing evaluation results.
    dead port 1/2 on $mux $flatten\core_oscillator.\generators_1.$ternary$OscillatorTop.v:444$265.
    dead port 2/2 on $mux $flatten\core_oscillator.\generators_1.$ternary$OscillatorTop.v:444$265.
    dead port 1/2 on $mux $flatten\core_oscillator.\generators_1.$ternary$OscillatorTop.v:442$263.
    dead port 2/2 on $mux $flatten\core_oscillator.\generators_1.$ternary$OscillatorTop.v:442$263.
    dead port 1/6 on $pmux $flatten\core_oscillator.\mux_1.$procmux$280.
    dead port 2/6 on $pmux $flatten\core_oscillator.\mux_1.$procmux$280.
    dead port 3/6 on $pmux $flatten\core_oscillator.\mux_1.$procmux$280.
    dead port 4/6 on $pmux $flatten\core_oscillator.\mux_1.$procmux$280.
    dead port 6/6 on $pmux $flatten\core_oscillator.\mux_1.$procmux$280.
Removed 9 multiplexer ports.
<suppressed ~36 debug messages>

4.12.4. Executing OPT_REDUCE pass (consolidate $*mux and $reduce_* inputs).
  Optimizing cells in module \OscillatorTop.
    New ctrl vector for $pmux cell $flatten\core_transmitter.$procmux$342: $auto$opt_reduce.cc:137:opt_pmux$405
  Optimizing cells in module \OscillatorTop.
Performed a total of 1 changes.

4.12.5. Executing OPT_MERGE pass (detect identical cells).
Finding identical cells in module `\OscillatorTop'.
Computing hashes of 78 cells of `\OscillatorTop'.
Finding duplicate cells in `\OscillatorTop'.
Removed a total of 0 cells.

4.12.6. Executing OPT_DFF pass (perform DFF optimizations).

4.12.7. Executing OPT_CLEAN pass (remove unused cells and wires).
Finding unused cells or wires in module \OscillatorTop..
Removed 7 unused cells and 18 unused wires.
<suppressed ~23 debug messages>

4.12.8. Executing OPT_EXPR pass (perform const folding).
Optimizing module OscillatorTop.

4.12.9. Rerunning OPT passes. (Maybe there is more to do..)

4.12.10. Executing OPT_MUXTREE pass (detect dead branches in mux trees).
Running muxtree optimizer on module \OscillatorTop..
  Creating internal representation of mux trees.
  Evaluating internal representation of mux trees.
  Analyzing evaluation results.
Removed 0 multiplexer ports.
<suppressed ~31 debug messages>

4.12.11. Executing OPT_REDUCE pass (consolidate $*mux and $reduce_* inputs).
  Optimizing cells in module \OscillatorTop.
Performed a total of 0 changes.

4.12.12. Executing OPT_MERGE pass (detect identical cells).
Finding identical cells in module `\OscillatorTop'.
Computing hashes of 71 cells of `\OscillatorTop'.
Finding duplicate cells in `\OscillatorTop'.
Removed a total of 0 cells.

4.12.13. Executing OPT_DFF pass (perform DFF optimizations).

4.12.14. Executing OPT_CLEAN pass (remove unused cells and wires).
Finding unused cells or wires in module \OscillatorTop..

4.12.15. Executing OPT_EXPR pass (perform const folding).
Optimizing module OscillatorTop.

4.12.16. Finished fast OPT passes. (There is nothing left to do.)

4.13. Executing FSM pass (extract and optimize FSM).

4.13.1. Executing FSM_DETECT pass (finding FSMs in design).

4.13.2. Executing FSM_EXTRACT pass (extracting FSM from design).

4.13.3. Executing FSM_OPT pass (simple optimizations of FSMs).

4.13.4. Executing OPT_CLEAN pass (remove unused cells and wires).
Finding unused cells or wires in module \OscillatorTop..

4.13.5. Executing FSM_OPT pass (simple optimizations of FSMs).

4.13.6. Executing FSM_RECODE pass (re-assigning FSM state encoding).

4.13.7. Executing FSM_INFO pass (dumping all available information on FSM cells).

4.13.8. Executing FSM_MAP pass (mapping FSMs to basic logic).

4.14. Executing OPT pass (performing simple optimizations).

4.14.1. Executing OPT_EXPR pass (perform const folding).
Optimizing module OscillatorTop.

4.14.2. Executing OPT_MERGE pass (detect identical cells).
Finding identical cells in module `\OscillatorTop'.
Computing hashes of 71 cells of `\OscillatorTop'.
Finding duplicate cells in `\OscillatorTop'.
Removed a total of 0 cells.

4.14.3. Executing OPT_MUXTREE pass (detect dead branches in mux trees).
Running muxtree optimizer on module \OscillatorTop..
  Creating internal representation of mux trees.
  Evaluating internal representation of mux trees.
  Analyzing evaluation results.
Removed 0 multiplexer ports.
<suppressed ~31 debug messages>

4.14.4. Executing OPT_REDUCE pass (consolidate $*mux and $reduce_* inputs).
  Optimizing cells in module \OscillatorTop.
Performed a total of 0 changes.

4.14.5. Executing OPT_MERGE pass (detect identical cells).
Finding identical cells in module `\OscillatorTop'.
Computing hashes of 71 cells of `\OscillatorTop'.
Finding duplicate cells in `\OscillatorTop'.
Removed a total of 0 cells.

4.14.6. Executing OPT_DFF pass (perform DFF optimizations).
Adding EN signal on $flatten\core_transmitter.$procdff$380 ($adff) from module OscillatorTop (D = $flatten\core_transmitter.$0\bitCounter[4:0], Q = \core_transmitter.bitCounter).
Adding EN signal on $flatten\core_oscillator.\accumulator_1.$procdff$350 ($adff) from module OscillatorTop (D = $flatten\core_oscillator.\accumulator_1.$add$OscillatorTop.v:474$271_Y, Q = \core_oscillator.accumulator_1.phaseReg).
Adding EN signal on $flatten\core_transmitter.$procdff$389 ($adff) from module OscillatorTop (D = 1'1, Q = \core_transmitter.active).
Adding EN signal on $flatten\core_decimator.$procdff$368 ($adff) from module OscillatorTop (D = { \core_decimator.io_sampleIn [15] \core_oscillator.accumulator_1.phaseReg [22:8] }, Q = \core_decimator.sampleReg).
Adding EN signal on $flatten\core_transmitter.$procdff$377 ($adff) from module OscillatorTop (D = $flatten\core_transmitter.$0\patternIndex[2:0], Q = \core_transmitter.patternIndex).
Adding EN signal on $flatten\core_transmitter.$procdff$383 ($adff) from module OscillatorTop (D = $flatten\core_transmitter.$0\shiftReg[15:0], Q = \core_transmitter.shiftReg).
Adding EN signal on $flatten\core_transmitter.$procdff$374 ($adff) from module OscillatorTop (D = $flatten\core_transmitter.$0\cycleCounter[4:0], Q = \core_transmitter.cycleCounter).
Adding EN signal on $flatten\core_transmitter.$procdff$386 ($adff) from module OscillatorTop (D = \core_decimator.sampleReg, Q = \core_transmitter.sampleBuffer).

4.14.7. Executing OPT_CLEAN pass (remove unused cells and wires).
Finding unused cells or wires in module \OscillatorTop..
Removed 4 unused cells and 4 unused wires.
<suppressed ~5 debug messages>

4.14.8. Executing OPT_EXPR pass (perform const folding).
Optimizing module OscillatorTop.
<suppressed ~7 debug messages>

4.14.9. Rerunning OPT passes. (Maybe there is more to do..)

4.14.10. Executing OPT_MUXTREE pass (detect dead branches in mux trees).
Running muxtree optimizer on module \OscillatorTop..
  Creating internal representation of mux trees.
  Evaluating internal representation of mux trees.
  Analyzing evaluation results.
Removed 0 multiplexer ports.
<suppressed ~23 debug messages>

4.14.11. Executing OPT_REDUCE pass (consolidate $*mux and $reduce_* inputs).
  Optimizing cells in module \OscillatorTop.
Performed a total of 0 changes.

4.14.12. Executing OPT_MERGE pass (detect identical cells).
Finding identical cells in module `\OscillatorTop'.
Computing hashes of 77 cells of `\OscillatorTop'.
Finding duplicate cells in `\OscillatorTop'.
Computing hashes of 72 cells of `\OscillatorTop'.
Finding duplicate cells in `\OscillatorTop'.
Computing hashes of 70 cells of `\OscillatorTop'.
Finding duplicate cells in `\OscillatorTop'.
<suppressed ~21 debug messages>
Removed a total of 7 cells.

4.14.13. Executing OPT_DFF pass (perform DFF optimizations).

4.14.14. Executing OPT_CLEAN pass (remove unused cells and wires).
Finding unused cells or wires in module \OscillatorTop..
Removed 0 unused cells and 7 unused wires.
<suppressed ~1 debug messages>

4.14.15. Executing OPT_EXPR pass (perform const folding).
Optimizing module OscillatorTop.

4.14.16. Rerunning OPT passes. (Maybe there is more to do..)

4.14.17. Executing OPT_MUXTREE pass (detect dead branches in mux trees).
Running muxtree optimizer on module \OscillatorTop..
  Creating internal representation of mux trees.
  Evaluating internal representation of mux trees.
  Analyzing evaluation results.
Removed 0 multiplexer ports.
<suppressed ~23 debug messages>

4.14.18. Executing OPT_REDUCE pass (consolidate $*mux and $reduce_* inputs).
  Optimizing cells in module \OscillatorTop.
Performed a total of 0 changes.

4.14.19. Executing OPT_MERGE pass (detect identical cells).
Finding identical cells in module `\OscillatorTop'.
Computing hashes of 70 cells of `\OscillatorTop'.
Finding duplicate cells in `\OscillatorTop'.
Removed a total of 0 cells.

4.14.20. Executing OPT_DFF pass (perform DFF optimizations).

4.14.21. Executing OPT_CLEAN pass (remove unused cells and wires).
Finding unused cells or wires in module \OscillatorTop..

4.14.22. Executing OPT_EXPR pass (perform const folding).
Optimizing module OscillatorTop.

4.14.23. Finished fast OPT passes. (There is nothing left to do.)

4.15. Executing WREDUCE pass (reducing word size of cells).
Removed top 8 bits (of 9) from port B of cell OscillatorTop.$flatten\core_timingGen.$add$OscillatorTop.v:338$256 ($add).
Removed top 5 bits (of 6) from port B of cell OscillatorTop.$flatten\core_timingGen.$add$OscillatorTop.v:322$251 ($add).
Removed top 10 bits (of 24) from port B of cell OscillatorTop.$flatten\core_oscillator.\accumulator_1.$add$OscillatorTop.v:474$271 ($add).
Removed top 2 bits (of 3) from port B of cell OscillatorTop.$flatten\core_transmitter.$procmux$346_CMP0 ($eq).
Removed top 1 bits (of 3) from port B of cell OscillatorTop.$flatten\core_transmitter.$procmux$345_CMP0 ($eq).
Removed top 4 bits (of 5) from port B of cell OscillatorTop.$flatten\core_transmitter.$sub$OscillatorTop.v:177$243 ($sub).
Removed top 4 bits (of 5) from port B of cell OscillatorTop.$flatten\core_transmitter.$sub$OscillatorTop.v:169$242 ($sub).
Removed top 1 bits (of 5) from port A of cell OscillatorTop.$flatten\core_transmitter.$le$OscillatorTop.v:146$234 ($le).
Removed top 4 bits (of 5) from port B of cell OscillatorTop.$flatten\core_transmitter.$add$OscillatorTop.v:144$230 ($add).
Removed top 2 bits (of 3) from port B of cell OscillatorTop.$flatten\core_transmitter.$add$OscillatorTop.v:143$229 ($add).

4.16. Executing PEEPOPT pass (run peephole optimizers).

4.17. Executing OPT_CLEAN pass (remove unused cells and wires).
Finding unused cells or wires in module \OscillatorTop..

4.18. Executing SHARE pass (SAT-based resource sharing).

4.19. Executing TECHMAP pass (map to technology primitives).

4.19.1. Executing Verilog-2005 frontend: /home/moss/installs/EDA/oss-cad-suite/lib/../share/yosys/cmp2lut.v
Parsing Verilog input from `/home/moss/installs/EDA/oss-cad-suite/lib/../share/yosys/cmp2lut.v' to AST representation.
Generating RTLIL representation for module `\_90_lut_cmp_'.
Successfully finished Verilog frontend.

4.19.2. Continuing TECHMAP pass.
No more expansions possible.
<suppressed ~62 debug messages>

4.20. Executing OPT_EXPR pass (perform const folding).
Optimizing module OscillatorTop.

4.21. Executing OPT_CLEAN pass (remove unused cells and wires).
Finding unused cells or wires in module \OscillatorTop..

4.22. Executing TECHMAP pass (map to technology primitives).

4.22.1. Executing Verilog-2005 frontend: /home/moss/installs/EDA/oss-cad-suite/lib/../share/yosys/mul2dsp.v
Parsing Verilog input from `/home/moss/installs/EDA/oss-cad-suite/lib/../share/yosys/mul2dsp.v' to AST representation.
Generating RTLIL representation for module `\_80_mul'.
Generating RTLIL representation for module `\_90_soft_mul'.
Successfully finished Verilog frontend.

4.22.2. Continuing TECHMAP pass.
No more expansions possible.
<suppressed ~4 debug messages>

4.23. Executing TECHMAP pass (map to technology primitives).

4.23.1. Executing Verilog-2005 frontend: /home/moss/installs/EDA/oss-cad-suite/lib/../share/yosys/lattice/dsp_map_18x18.v
Parsing Verilog input from `/home/moss/installs/EDA/oss-cad-suite/lib/../share/yosys/lattice/dsp_map_18x18.v' to AST representation.
Generating RTLIL representation for module `$__MUL18X18'.
Successfully finished Verilog frontend.

4.23.2. Continuing TECHMAP pass.
No more expansions possible.
<suppressed ~3 debug messages>

4.24. Executing ALUMACC pass (create $alu and $macc cells).
Extracting $alu and $macc cells in module OscillatorTop:
  creating $macc model for $flatten\core_transmitter.$sub$OscillatorTop.v:169$242 ($sub).
  creating $macc model for $flatten\core_transmitter.$add$OscillatorTop.v:144$230 ($add).
  creating $macc model for $flatten\core_transmitter.$add$OscillatorTop.v:143$229 ($add).
  creating $macc model for $flatten\core_timingGen.$add$OscillatorTop.v:322$251 ($add).
  creating $macc model for $flatten\core_timingGen.$add$OscillatorTop.v:338$256 ($add).
  creating $macc model for $flatten\core_transmitter.$sub$OscillatorTop.v:177$243 ($sub).
  creating $macc model for $flatten\core_oscillator.\accumulator_1.$add$OscillatorTop.v:474$271 ($add).
  creating $alu model for $macc $flatten\core_oscillator.\accumulator_1.$add$OscillatorTop.v:474$271.
  creating $alu model for $macc $flatten\core_transmitter.$sub$OscillatorTop.v:177$243.
  creating $alu model for $macc $flatten\core_timingGen.$add$OscillatorTop.v:338$256.
  creating $alu model for $macc $flatten\core_timingGen.$add$OscillatorTop.v:322$251.
  creating $alu model for $macc $flatten\core_transmitter.$add$OscillatorTop.v:143$229.
  creating $alu model for $macc $flatten\core_transmitter.$add$OscillatorTop.v:144$230.
  creating $alu model for $macc $flatten\core_transmitter.$sub$OscillatorTop.v:169$242.
  creating $alu model for $flatten\core_transmitter.$le$OscillatorTop.v:147$237 ($le): new $alu
  creating $alu model for $flatten\core_transmitter.$le$OscillatorTop.v:146$234 ($le): new $alu
  creating $alu cell for $flatten\core_transmitter.$le$OscillatorTop.v:146$234: $auto$alumacc.cc:512:replace_alu$437
  creating $alu cell for $flatten\core_transmitter.$le$OscillatorTop.v:147$237: $auto$alumacc.cc:512:replace_alu$446
  creating $alu cell for $flatten\core_transmitter.$sub$OscillatorTop.v:169$242: $auto$alumacc.cc:512:replace_alu$455
  creating $alu cell for $flatten\core_transmitter.$add$OscillatorTop.v:144$230: $auto$alumacc.cc:512:replace_alu$458
  creating $alu cell for $flatten\core_transmitter.$add$OscillatorTop.v:143$229: $auto$alumacc.cc:512:replace_alu$461
  creating $alu cell for $flatten\core_timingGen.$add$OscillatorTop.v:322$251: $auto$alumacc.cc:512:replace_alu$464
  creating $alu cell for $flatten\core_timingGen.$add$OscillatorTop.v:338$256: $auto$alumacc.cc:512:replace_alu$467
  creating $alu cell for $flatten\core_transmitter.$sub$OscillatorTop.v:177$243: $auto$alumacc.cc:512:replace_alu$470
  creating $alu cell for $flatten\core_oscillator.\accumulator_1.$add$OscillatorTop.v:474$271: $auto$alumacc.cc:512:replace_alu$473
  created 9 $alu and 0 $macc cells.

4.25. Executing OPT pass (performing simple optimizations).

4.25.1. Executing OPT_EXPR pass (perform const folding).
Optimizing module OscillatorTop.

4.25.2. Executing OPT_MERGE pass (detect identical cells).
Finding identical cells in module `\OscillatorTop'.
Computing hashes of 76 cells of `\OscillatorTop'.
Finding duplicate cells in `\OscillatorTop'.
Removed a total of 0 cells.

4.25.3. Executing OPT_MUXTREE pass (detect dead branches in mux trees).
Running muxtree optimizer on module \OscillatorTop..
  Creating internal representation of mux trees.
  Evaluating internal representation of mux trees.
  Analyzing evaluation results.
Removed 0 multiplexer ports.
<suppressed ~23 debug messages>

4.25.4. Executing OPT_REDUCE pass (consolidate $*mux and $reduce_* inputs).
  Optimizing cells in module \OscillatorTop.
Performed a total of 0 changes.

4.25.5. Executing OPT_MERGE pass (detect identical cells).
Finding identical cells in module `\OscillatorTop'.
Computing hashes of 76 cells of `\OscillatorTop'.
Finding duplicate cells in `\OscillatorTop'.
Removed a total of 0 cells.

4.25.6. Executing OPT_DFF pass (perform DFF optimizations).

4.25.7. Executing OPT_CLEAN pass (remove unused cells and wires).
Finding unused cells or wires in module \OscillatorTop..
Removed 0 unused cells and 2 unused wires.
<suppressed ~1 debug messages>

4.25.8. Executing OPT_EXPR pass (perform const folding).
Optimizing module OscillatorTop.

4.25.9. Rerunning OPT passes. (Maybe there is more to do..)

4.25.10. Executing OPT_MUXTREE pass (detect dead branches in mux trees).
Running muxtree optimizer on module \OscillatorTop..
  Creating internal representation of mux trees.
  Evaluating internal representation of mux trees.
  Analyzing evaluation results.
Removed 0 multiplexer ports.
<suppressed ~23 debug messages>

4.25.11. Executing OPT_REDUCE pass (consolidate $*mux and $reduce_* inputs).
  Optimizing cells in module \OscillatorTop.
Performed a total of 0 changes.

4.25.12. Executing OPT_MERGE pass (detect identical cells).
Finding identical cells in module `\OscillatorTop'.
Computing hashes of 76 cells of `\OscillatorTop'.
Finding duplicate cells in `\OscillatorTop'.
Removed a total of 0 cells.

4.25.13. Executing OPT_DFF pass (perform DFF optimizations).

4.25.14. Executing OPT_CLEAN pass (remove unused cells and wires).
Finding unused cells or wires in module \OscillatorTop..

4.25.15. Executing OPT_EXPR pass (perform const folding).
Optimizing module OscillatorTop.

4.25.16. Finished fast OPT passes. (There is nothing left to do.)

4.26. Executing MEMORY pass.

4.26.1. Executing OPT_MEM pass (optimize memories).
Performed a total of 0 transformations.

4.26.2. Executing OPT_MEM_PRIORITY pass (removing unnecessary memory write priority relations).
Performed a total of 0 transformations.

4.26.3. Executing OPT_MEM_FEEDBACK pass (finding memory read-to-write feedback paths).

4.26.4. Executing MEMORY_BMUX2ROM pass (converting muxes to ROMs).

4.26.5. Executing MEMORY_DFF pass (merging $dff cells to $memrd).

4.26.6. Executing OPT_CLEAN pass (remove unused cells and wires).
Finding unused cells or wires in module \OscillatorTop..

4.26.7. Executing MEMORY_SHARE pass (consolidating $memrd/$memwr cells).

4.26.8. Executing OPT_MEM_WIDEN pass (optimize memories where all ports are wide).
Performed a total of 0 transformations.

4.26.9. Executing OPT_CLEAN pass (remove unused cells and wires).
Finding unused cells or wires in module \OscillatorTop..

4.26.10. Executing MEMORY_COLLECT pass (generating $mem cells).

4.27. Executing OPT_CLEAN pass (remove unused cells and wires).
Finding unused cells or wires in module \OscillatorTop..

4.28. Executing MEMORY_LIBMAP pass (mapping memories to cells).

4.29. Executing TECHMAP pass (map to technology primitives).

4.29.1. Executing Verilog-2005 frontend: /home/moss/installs/EDA/oss-cad-suite/lib/../share/yosys/lattice/lutrams_map_trellis.v
Parsing Verilog input from `/home/moss/installs/EDA/oss-cad-suite/lib/../share/yosys/lattice/lutrams_map_trellis.v' to AST representation.
Generating RTLIL representation for module `$__TRELLIS_DPR16X4_'.
Successfully finished Verilog frontend.

4.29.2. Executing Verilog-2005 frontend: /home/moss/installs/EDA/oss-cad-suite/lib/../share/yosys/lattice/brams_map_16kd.v
Parsing Verilog input from `/home/moss/installs/EDA/oss-cad-suite/lib/../share/yosys/lattice/brams_map_16kd.v' to AST representation.
Generating RTLIL representation for module `$__DP16KD_'.
Generating RTLIL representation for module `$__PDPW16KD_'.
Successfully finished Verilog frontend.

4.29.3. Continuing TECHMAP pass.
No more expansions possible.
<suppressed ~5 debug messages>

4.30. Executing OPT pass (performing simple optimizations).

4.30.1. Executing OPT_EXPR pass (perform const folding).
Optimizing module OscillatorTop.
<suppressed ~7 debug messages>

4.30.2. Executing OPT_MERGE pass (detect identical cells).
Finding identical cells in module `\OscillatorTop'.
Computing hashes of 69 cells of `\OscillatorTop'.
Finding duplicate cells in `\OscillatorTop'.
Removed a total of 0 cells.

4.30.3. Executing OPT_DFF pass (perform DFF optimizations).

4.30.4. Executing OPT_CLEAN pass (remove unused cells and wires).
Finding unused cells or wires in module \OscillatorTop..
Removed 0 unused cells and 7 unused wires.
<suppressed ~1 debug messages>

4.30.5. Finished fast OPT passes.

4.31. Executing MEMORY_MAP pass (converting memories to logic and flip-flops).

4.32. Executing OPT pass (performing simple optimizations).

4.32.1. Executing OPT_EXPR pass (perform const folding).
Optimizing module OscillatorTop.

4.32.2. Executing OPT_MERGE pass (detect identical cells).
Finding identical cells in module `\OscillatorTop'.
Computing hashes of 69 cells of `\OscillatorTop'.
Finding duplicate cells in `\OscillatorTop'.
Removed a total of 0 cells.

4.32.3. Executing OPT_MUXTREE pass (detect dead branches in mux trees).
Running muxtree optimizer on module \OscillatorTop..
  Creating internal representation of mux trees.
  Evaluating internal representation of mux trees.
  Analyzing evaluation results.
Removed 0 multiplexer ports.
<suppressed ~16 debug messages>

4.32.4. Executing OPT_REDUCE pass (consolidate $*mux and $reduce_* inputs).
  Optimizing cells in module \OscillatorTop.
    Consolidated identical input bits for $mux cell $flatten\core_transmitter.$procmux$342:
      Old ports: A=5'01111, B=5'10000, Y=\core_transmitter._zz_cycleCounter_1
      New ports: A=2'01, B=2'10, Y={ \core_transmitter._zz_cycleCounter_1 [4] \core_transmitter._zz_cycleCounter_1 [0] }
      New connections: \core_transmitter._zz_cycleCounter_1 [3:1] = { \core_transmitter._zz_cycleCounter_1 [0] \core_transmitter._zz_cycleCounter_1 [0] \core_transmitter._zz_cycleCounter_1 [0] }
  Optimizing cells in module \OscillatorTop.
Performed a total of 1 changes.

4.32.5. Executing OPT_MERGE pass (detect identical cells).
Finding identical cells in module `\OscillatorTop'.
Computing hashes of 69 cells of `\OscillatorTop'.
Finding duplicate cells in `\OscillatorTop'.
Removed a total of 0 cells.

4.32.6. Executing OPT_DFF pass (perform DFF optimizations).

4.32.7. Executing OPT_CLEAN pass (remove unused cells and wires).
Finding unused cells or wires in module \OscillatorTop..

4.32.8. Executing OPT_EXPR pass (perform const folding).
Optimizing module OscillatorTop.

4.32.9. Rerunning OPT passes. (Maybe there is more to do..)

4.32.10. Executing OPT_MUXTREE pass (detect dead branches in mux trees).
Running muxtree optimizer on module \OscillatorTop..
  Creating internal representation of mux trees.
  Evaluating internal representation of mux trees.
  Analyzing evaluation results.
Removed 0 multiplexer ports.
<suppressed ~16 debug messages>

4.32.11. Executing OPT_REDUCE pass (consolidate $*mux and $reduce_* inputs).
  Optimizing cells in module \OscillatorTop.
Performed a total of 0 changes.

4.32.12. Executing OPT_MERGE pass (detect identical cells).
Finding identical cells in module `\OscillatorTop'.
Computing hashes of 69 cells of `\OscillatorTop'.
Finding duplicate cells in `\OscillatorTop'.
Removed a total of 0 cells.

4.32.13. Executing OPT_DFF pass (perform DFF optimizations).

4.32.14. Executing OPT_CLEAN pass (remove unused cells and wires).
Finding unused cells or wires in module \OscillatorTop..

4.32.15. Executing OPT_EXPR pass (perform const folding).
Optimizing module OscillatorTop.

4.32.16. Finished fast OPT passes. (There is nothing left to do.)

4.33. Executing TECHMAP pass (map to technology primitives).

4.33.1. Executing Verilog-2005 frontend: /home/moss/installs/EDA/oss-cad-suite/lib/../share/yosys/techmap.v
Parsing Verilog input from `/home/moss/installs/EDA/oss-cad-suite/lib/../share/yosys/techmap.v' to AST representation.
Generating RTLIL representation for module `\_90_simplemap_bool_ops'.
Generating RTLIL representation for module `\_90_simplemap_reduce_ops'.
Generating RTLIL representation for module `\_90_simplemap_logic_ops'.
Generating RTLIL representation for module `\_90_simplemap_compare_ops'.
Generating RTLIL representation for module `\_90_simplemap_various'.
Generating RTLIL representation for module `\_90_simplemap_registers'.
Generating RTLIL representation for module `\_90_shift_ops_shr_shl_sshl_sshr'.
Generating RTLIL representation for module `\_90_shift_shiftx'.
Generating RTLIL representation for module `\_90_fa'.
Generating RTLIL representation for module `\_90_lcu_brent_kung'.
Generating RTLIL representation for module `\_90_alu'.
Generating RTLIL representation for module `\_90_macc'.
Generating RTLIL representation for module `\_90_alumacc'.
Generating RTLIL representation for module `$__div_mod_u'.
Generating RTLIL representation for module `$__div_mod_trunc'.
Generating RTLIL representation for module `\_90_div'.
Generating RTLIL representation for module `\_90_mod'.
Generating RTLIL representation for module `$__div_mod_floor'.
Generating RTLIL representation for module `\_90_divfloor'.
Generating RTLIL representation for module `\_90_modfloor'.
Generating RTLIL representation for module `\_90_pow'.
Generating RTLIL representation for module `\_90_pmux'.
Generating RTLIL representation for module `\_90_demux'.
Generating RTLIL representation for module `\_90_lut'.
Generating RTLIL representation for module `$connect'.
Generating RTLIL representation for module `$input_port'.
Successfully finished Verilog frontend.

4.33.2. Executing Verilog-2005 frontend: /home/moss/installs/EDA/oss-cad-suite/lib/../share/yosys/lattice/arith_map_ccu2c.v
Parsing Verilog input from `/home/moss/installs/EDA/oss-cad-suite/lib/../share/yosys/lattice/arith_map_ccu2c.v' to AST representation.
Generating RTLIL representation for module `\_80_ccu2c_alu'.
Successfully finished Verilog frontend.

4.33.3. Continuing TECHMAP pass.
Using template $paramod$38dd1373ff616b958cf184921ec6885d7e8cd3e5\_80_ccu2c_alu for cells of type $alu.
Using template $paramod$dc04b7d98e503a7bab16fce2df70e6e2c5ca34d6\_80_ccu2c_alu for cells of type $alu.
Using template $paramod$53700bbee849b2010ad0b60a61ccd204a10e24ca\_80_ccu2c_alu for cells of type $alu.
Using template $paramod$32efbfac1c4dc57230cf86180788fdfd12e3b511\_80_ccu2c_alu for cells of type $alu.
Using template $paramod$3ef7d3dd227da7627a99c5e5a6a4deb817573e39\_90_alu for cells of type $alu.
Using template $paramod$672a140277c71df8314410f22acc08d55222c3c7\_80_ccu2c_alu for cells of type $alu.
Using extmapper simplemap for cells of type $reduce_or.
Using extmapper simplemap for cells of type $reduce_and.
Using extmapper simplemap for cells of type $not.
Using template $paramod$b18e16801adf491a64caa0542270798e5d4ac6b6\_80_ccu2c_alu for cells of type $alu.
Using template $paramod$83dd457849c736323edf2edb15923eb27f99c683\_80_ccu2c_alu for cells of type $alu.
Using extmapper simplemap for cells of type $adffe.
Using extmapper simplemap for cells of type $reduce_bool.
Using extmapper simplemap for cells of type $mux.
Using extmapper simplemap for cells of type $adff.
Using extmapper simplemap for cells of type $eq.
Using extmapper simplemap for cells of type $logic_not.
Using extmapper simplemap for cells of type $logic_and.
Using extmapper simplemap for cells of type $logic_or.
Using extmapper simplemap for cells of type $xor.
Using extmapper simplemap for cells of type $pos.
Using template $paramod\_90_fa\WIDTH=32'00000000000000000000000000000011 for cells of type $fa.
Using template $paramod\_90_lcu_brent_kung\WIDTH=32'00000000000000000000000000000011 for cells of type $lcu.
Using extmapper simplemap for cells of type $or.
Using extmapper simplemap for cells of type $and.
No more expansions possible.
<suppressed ~633 debug messages>

4.34. Executing OPT pass (performing simple optimizations).

4.34.1. Executing OPT_EXPR pass (perform const folding).
Optimizing module OscillatorTop.
<suppressed ~353 debug messages>

4.34.2. Executing OPT_MERGE pass (detect identical cells).
Finding identical cells in module `\OscillatorTop'.
Computing hashes of 406 cells of `\OscillatorTop'.
Finding duplicate cells in `\OscillatorTop'.
Computing hashes of 369 cells of `\OscillatorTop'.
Finding duplicate cells in `\OscillatorTop'.
Computing hashes of 368 cells of `\OscillatorTop'.
Finding duplicate cells in `\OscillatorTop'.
<suppressed ~114 debug messages>
Removed a total of 38 cells.

4.34.3. Executing OPT_DFF pass (perform DFF optimizations).

4.34.4. Executing OPT_CLEAN pass (remove unused cells and wires).
Finding unused cells or wires in module \OscillatorTop..
Removed 59 unused cells and 394 unused wires.
<suppressed ~60 debug messages>

4.34.5. Finished fast OPT passes.

4.35. Executing OPT_CLEAN pass (remove unused cells and wires).
Finding unused cells or wires in module \OscillatorTop..

4.36. Executing DFFLEGALIZE pass (convert FFs to types supported by the target).

4.37. Executing OPT_MERGE pass (detect identical cells).
Finding identical cells in module `\OscillatorTop'.
Computing hashes of 309 cells of `\OscillatorTop'.
Finding duplicate cells in `\OscillatorTop'.
Removed a total of 0 cells.

4.38. Executing TECHMAP pass (map to technology primitives).

4.38.1. Executing Verilog-2005 frontend: /home/moss/installs/EDA/oss-cad-suite/lib/../share/yosys/lattice/cells_map_trellis.v
Parsing Verilog input from `/home/moss/installs/EDA/oss-cad-suite/lib/../share/yosys/lattice/cells_map_trellis.v' to AST representation.
Generating RTLIL representation for module `$_DFF_N_'.
Generating RTLIL representation for module `$_DFF_P_'.
Generating RTLIL representation for module `$_DFFE_NN_'.
Generating RTLIL representation for module `$_DFFE_PN_'.
Generating RTLIL representation for module `$_DFFE_NP_'.
Generating RTLIL representation for module `$_DFFE_PP_'.
Generating RTLIL representation for module `$_DFF_NP0_'.
Generating RTLIL representation for module `$_DFF_NP1_'.
Generating RTLIL representation for module `$_DFF_PP0_'.
Generating RTLIL representation for module `$_DFF_PP1_'.
Generating RTLIL representation for module `$_SDFF_NP0_'.
Generating RTLIL representation for module `$_SDFF_NP1_'.
Generating RTLIL representation for module `$_SDFF_PP0_'.
Generating RTLIL representation for module `$_SDFF_PP1_'.
Generating RTLIL representation for module `$_DFFE_NP0P_'.
Generating RTLIL representation for module `$_DFFE_NP1P_'.
Generating RTLIL representation for module `$_DFFE_PP0P_'.
Generating RTLIL representation for module `$_DFFE_PP1P_'.
Generating RTLIL representation for module `$_DFFE_NP0N_'.
Generating RTLIL representation for module `$_DFFE_NP1N_'.
Generating RTLIL representation for module `$_DFFE_PP0N_'.
Generating RTLIL representation for module `$_DFFE_PP1N_'.
Generating RTLIL representation for module `$_SDFFE_NP0P_'.
Generating RTLIL representation for module `$_SDFFE_NP1P_'.
Generating RTLIL representation for module `$_SDFFE_PP0P_'.
Generating RTLIL representation for module `$_SDFFE_PP1P_'.
Generating RTLIL representation for module `$_SDFFE_NP0N_'.
Generating RTLIL representation for module `$_SDFFE_NP1N_'.
Generating RTLIL representation for module `$_SDFFE_PP0N_'.
Generating RTLIL representation for module `$_SDFFE_PP1N_'.
Generating RTLIL representation for module `$_ALDFF_NP_'.
Generating RTLIL representation for module `$_ALDFF_PP_'.
Generating RTLIL representation for module `$_ALDFFE_NPN_'.
Generating RTLIL representation for module `$_ALDFFE_NPP_'.
Generating RTLIL representation for module `$_ALDFFE_PPN_'.
Generating RTLIL representation for module `$_ALDFFE_PPP_'.
Generating RTLIL representation for module `\FD1P3AX'.
Generating RTLIL representation for module `\FD1P3AY'.
Generating RTLIL representation for module `\FD1P3BX'.
Generating RTLIL representation for module `\FD1P3DX'.
Generating RTLIL representation for module `\FD1P3IX'.
Generating RTLIL representation for module `\FD1P3JX'.
Generating RTLIL representation for module `\FD1S3AX'.
Generating RTLIL representation for module `\FD1S3AY'.
Generating RTLIL representation for module `\FD1S3BX'.
Generating RTLIL representation for module `\FD1S3DX'.
Generating RTLIL representation for module `\FD1S3IX'.
Generating RTLIL representation for module `\FD1S3JX'.
Generating RTLIL representation for module `\IFS1P3BX'.
Generating RTLIL representation for module `\IFS1P3DX'.
Generating RTLIL representation for module `\IFS1P3IX'.
Generating RTLIL representation for module `\IFS1P3JX'.
Generating RTLIL representation for module `\OFS1P3BX'.
Generating RTLIL representation for module `\OFS1P3DX'.
Generating RTLIL representation for module `\OFS1P3IX'.
Generating RTLIL representation for module `\OFS1P3JX'.
Generating RTLIL representation for module `\IB'.
Generating RTLIL representation for module `\IBPU'.
Generating RTLIL representation for module `\IBPD'.
Generating RTLIL representation for module `\OB'.
Generating RTLIL representation for module `\OBZ'.
Generating RTLIL representation for module `\OBZPU'.
Generating RTLIL representation for module `\OBZPD'.
Generating RTLIL representation for module `\OBCO'.
Generating RTLIL representation for module `\BB'.
Generating RTLIL representation for module `\BBPU'.
Generating RTLIL representation for module `\BBPD'.
Generating RTLIL representation for module `\ILVDS'.
Generating RTLIL representation for module `\OLVDS'.
Successfully finished Verilog frontend.

4.38.2. Continuing TECHMAP pass.
Using template $_DFF_PP0_ for cells of type $_DFF_PP0_.
Using template $_DFFE_PP0P_ for cells of type $_DFFE_PP0P_.
Using template $_DFFE_PP1P_ for cells of type $_DFFE_PP1P_.
No more expansions possible.
<suppressed ~175 debug messages>

4.39. Executing OPT_EXPR pass (perform const folding).
Optimizing module OscillatorTop.

4.40. Executing SIMPLEMAP pass (map simple cells to gate primitives).

4.41. Executing LATTICE_GSR pass (implement FF init values).
Handling GSR in OscillatorTop.

4.42. Executing ATTRMVCP pass (move or copy attributes).

4.43. Executing OPT_CLEAN pass (remove unused cells and wires).
Finding unused cells or wires in module \OscillatorTop..
Removed 0 unused cells and 606 unused wires.
<suppressed ~1 debug messages>

4.44. Executing TECHMAP pass (map to technology primitives).

4.44.1. Executing Verilog-2005 frontend: /home/moss/installs/EDA/oss-cad-suite/lib/../share/yosys/lattice/latches_map.v
Parsing Verilog input from `/home/moss/installs/EDA/oss-cad-suite/lib/../share/yosys/lattice/latches_map.v' to AST representation.
Generating RTLIL representation for module `$_DLATCH_N_'.
Generating RTLIL representation for module `$_DLATCH_P_'.
Successfully finished Verilog frontend.

4.44.2. Continuing TECHMAP pass.
No more expansions possible.
<suppressed ~4 debug messages>

4.45. Executing ABC9 pass.

4.45.1. Executing ABC9_OPS pass (helper functions for ABC9).

4.45.2. Executing ABC9_OPS pass (helper functions for ABC9).

4.45.3. Executing PROC pass (convert processes to netlists).

4.45.3.1. Executing PROC_CLEAN pass (remove empty switches from decision trees).
Cleaned up 0 empty switches.

4.45.3.2. Executing PROC_RMDEAD pass (remove dead branches from decision trees).
Marked 1 switch rules as full_case in process $proc$/home/moss/installs/EDA/oss-cad-suite/lib/../share/yosys/lattice/common_sim.vh:282$1807 in module $paramod$37e41664cab9052a9b41c89036e0524f666a0fee\TRELLIS_FF.
Removed a total of 0 dead cases.

4.45.3.3. Executing PROC_PRUNE pass (remove redundant assignments in processes).
Removed 0 redundant assignments.
Promoted 1 assignment to connection.

4.45.3.4. Executing PROC_INIT pass (extract init attributes).
Found init rule in `$paramod$37e41664cab9052a9b41c89036e0524f666a0fee\TRELLIS_FF.$proc$/home/moss/installs/EDA/oss-cad-suite/lib/../share/yosys/lattice/common_sim.vh:278$1808'.
  Set init value: \Q = 1'0

4.45.3.5. Executing PROC_ARST pass (detect async resets in processes).
Found async reset \muxlsr in `$paramod$37e41664cab9052a9b41c89036e0524f666a0fee\TRELLIS_FF.$proc$/home/moss/installs/EDA/oss-cad-suite/lib/../share/yosys/lattice/common_sim.vh:282$1807'.

4.45.3.6. Executing PROC_ROM pass (convert switches to ROMs).
Converted 0 switches.
<suppressed ~1 debug messages>

4.45.3.7. Executing PROC_MUX pass (convert decision trees to multiplexers).
Creating decoders for process `$paramod$37e41664cab9052a9b41c89036e0524f666a0fee\TRELLIS_FF.$proc$/home/moss/installs/EDA/oss-cad-suite/lib/../share/yosys/lattice/common_sim.vh:278$1808'.
Creating decoders for process `$paramod$37e41664cab9052a9b41c89036e0524f666a0fee\TRELLIS_FF.$proc$/home/moss/installs/EDA/oss-cad-suite/lib/../share/yosys/lattice/common_sim.vh:282$1807'.
     1/1: $0\Q[0:0]

4.45.3.8. Executing PROC_DLATCH pass (convert process syncs to latches).

4.45.3.9. Executing PROC_DFF pass (convert process syncs to FFs).
Creating register for signal `$paramod$37e41664cab9052a9b41c89036e0524f666a0fee\TRELLIS_FF.\Q' using process `$paramod$37e41664cab9052a9b41c89036e0524f666a0fee\TRELLIS_FF.$proc$/home/moss/installs/EDA/oss-cad-suite/lib/../share/yosys/lattice/common_sim.vh:282$1807'.
  created $adff cell `$procdff$1813' with positive edge clock and positive level reset.

4.45.3.10. Executing PROC_MEMWR pass (convert process memory writes to cells).

4.45.3.11. Executing PROC_CLEAN pass (remove empty switches from decision trees).
Removing empty process `$paramod$37e41664cab9052a9b41c89036e0524f666a0fee\TRELLIS_FF.$proc$/home/moss/installs/EDA/oss-cad-suite/lib/../share/yosys/lattice/common_sim.vh:278$1808'.
Found and cleaned up 1 empty switch in `$paramod$37e41664cab9052a9b41c89036e0524f666a0fee\TRELLIS_FF.$proc$/home/moss/installs/EDA/oss-cad-suite/lib/../share/yosys/lattice/common_sim.vh:282$1807'.
Removing empty process `$paramod$37e41664cab9052a9b41c89036e0524f666a0fee\TRELLIS_FF.$proc$/home/moss/installs/EDA/oss-cad-suite/lib/../share/yosys/lattice/common_sim.vh:282$1807'.
Cleaned up 1 empty switch.

4.45.4. Executing PROC pass (convert processes to netlists).

4.45.4.1. Executing PROC_CLEAN pass (remove empty switches from decision trees).
Cleaned up 0 empty switches.

4.45.4.2. Executing PROC_RMDEAD pass (remove dead branches from decision trees).
Marked 1 switch rules as full_case in process $proc$/home/moss/installs/EDA/oss-cad-suite/lib/../share/yosys/lattice/common_sim.vh:282$1831 in module $paramod$68581f66a8fa831820fa7633bd24ba569ae9d7e3\TRELLIS_FF.
Removed a total of 0 dead cases.

4.45.4.3. Executing PROC_PRUNE pass (remove redundant assignments in processes).
Removed 0 redundant assignments.
Promoted 1 assignment to connection.

4.45.4.4. Executing PROC_INIT pass (extract init attributes).
Found init rule in `$paramod$68581f66a8fa831820fa7633bd24ba569ae9d7e3\TRELLIS_FF.$proc$/home/moss/installs/EDA/oss-cad-suite/lib/../share/yosys/lattice/common_sim.vh:278$1832'.
  Set init value: \Q = 1'0

4.45.4.5. Executing PROC_ARST pass (detect async resets in processes).
Found async reset \muxlsr in `$paramod$68581f66a8fa831820fa7633bd24ba569ae9d7e3\TRELLIS_FF.$proc$/home/moss/installs/EDA/oss-cad-suite/lib/../share/yosys/lattice/common_sim.vh:282$1831'.

4.45.4.6. Executing PROC_ROM pass (convert switches to ROMs).
Converted 0 switches.
<suppressed ~1 debug messages>

4.45.4.7. Executing PROC_MUX pass (convert decision trees to multiplexers).
Creating decoders for process `$paramod$68581f66a8fa831820fa7633bd24ba569ae9d7e3\TRELLIS_FF.$proc$/home/moss/installs/EDA/oss-cad-suite/lib/../share/yosys/lattice/common_sim.vh:278$1832'.
Creating decoders for process `$paramod$68581f66a8fa831820fa7633bd24ba569ae9d7e3\TRELLIS_FF.$proc$/home/moss/installs/EDA/oss-cad-suite/lib/../share/yosys/lattice/common_sim.vh:282$1831'.
     1/1: $0\Q[0:0]

4.45.4.8. Executing PROC_DLATCH pass (convert process syncs to latches).

4.45.4.9. Executing PROC_DFF pass (convert process syncs to FFs).
Creating register for signal `$paramod$68581f66a8fa831820fa7633bd24ba569ae9d7e3\TRELLIS_FF.\Q' using process `$paramod$68581f66a8fa831820fa7633bd24ba569ae9d7e3\TRELLIS_FF.$proc$/home/moss/installs/EDA/oss-cad-suite/lib/../share/yosys/lattice/common_sim.vh:282$1831'.
  created $adff cell `$procdff$1837' with positive edge clock and positive level reset.

4.45.4.10. Executing PROC_MEMWR pass (convert process memory writes to cells).

4.45.4.11. Executing PROC_CLEAN pass (remove empty switches from decision trees).
Removing empty process `$paramod$68581f66a8fa831820fa7633bd24ba569ae9d7e3\TRELLIS_FF.$proc$/home/moss/installs/EDA/oss-cad-suite/lib/../share/yosys/lattice/common_sim.vh:278$1832'.
Found and cleaned up 1 empty switch in `$paramod$68581f66a8fa831820fa7633bd24ba569ae9d7e3\TRELLIS_FF.$proc$/home/moss/installs/EDA/oss-cad-suite/lib/../share/yosys/lattice/common_sim.vh:282$1831'.
Removing empty process `$paramod$68581f66a8fa831820fa7633bd24ba569ae9d7e3\TRELLIS_FF.$proc$/home/moss/installs/EDA/oss-cad-suite/lib/../share/yosys/lattice/common_sim.vh:282$1831'.
Cleaned up 1 empty switch.

4.45.5. Executing PROC pass (convert processes to netlists).

4.45.5.1. Executing PROC_CLEAN pass (remove empty switches from decision trees).
Cleaned up 0 empty switches.

4.45.5.2. Executing PROC_RMDEAD pass (remove dead branches from decision trees).
Marked 1 switch rules as full_case in process $proc$/home/moss/installs/EDA/oss-cad-suite/lib/../share/yosys/lattice/common_sim.vh:282$1845 in module $paramod$b50ed6cf3f2b5c0e07657602cb4455d90f2562f9\TRELLIS_FF.
Removed a total of 0 dead cases.

4.45.5.3. Executing PROC_PRUNE pass (remove redundant assignments in processes).
Removed 0 redundant assignments.
Promoted 1 assignment to connection.

4.45.5.4. Executing PROC_INIT pass (extract init attributes).
Found init rule in `$paramod$b50ed6cf3f2b5c0e07657602cb4455d90f2562f9\TRELLIS_FF.$proc$/home/moss/installs/EDA/oss-cad-suite/lib/../share/yosys/lattice/common_sim.vh:278$1846'.
  Set init value: \Q = 1'1

4.45.5.5. Executing PROC_ARST pass (detect async resets in processes).
Found async reset \muxlsr in `$paramod$b50ed6cf3f2b5c0e07657602cb4455d90f2562f9\TRELLIS_FF.$proc$/home/moss/installs/EDA/oss-cad-suite/lib/../share/yosys/lattice/common_sim.vh:282$1845'.

4.45.5.6. Executing PROC_ROM pass (convert switches to ROMs).
Converted 0 switches.
<suppressed ~1 debug messages>

4.45.5.7. Executing PROC_MUX pass (convert decision trees to multiplexers).
Creating decoders for process `$paramod$b50ed6cf3f2b5c0e07657602cb4455d90f2562f9\TRELLIS_FF.$proc$/home/moss/installs/EDA/oss-cad-suite/lib/../share/yosys/lattice/common_sim.vh:278$1846'.
Creating decoders for process `$paramod$b50ed6cf3f2b5c0e07657602cb4455d90f2562f9\TRELLIS_FF.$proc$/home/moss/installs/EDA/oss-cad-suite/lib/../share/yosys/lattice/common_sim.vh:282$1845'.
     1/1: $0\Q[0:0]

4.45.5.8. Executing PROC_DLATCH pass (convert process syncs to latches).

4.45.5.9. Executing PROC_DFF pass (convert process syncs to FFs).
Creating register for signal `$paramod$b50ed6cf3f2b5c0e07657602cb4455d90f2562f9\TRELLIS_FF.\Q' using process `$paramod$b50ed6cf3f2b5c0e07657602cb4455d90f2562f9\TRELLIS_FF.$proc$/home/moss/installs/EDA/oss-cad-suite/lib/../share/yosys/lattice/common_sim.vh:282$1845'.
  created $adff cell `$procdff$1851' with positive edge clock and positive level reset.

4.45.5.10. Executing PROC_MEMWR pass (convert process memory writes to cells).

4.45.5.11. Executing PROC_CLEAN pass (remove empty switches from decision trees).
Removing empty process `$paramod$b50ed6cf3f2b5c0e07657602cb4455d90f2562f9\TRELLIS_FF.$proc$/home/moss/installs/EDA/oss-cad-suite/lib/../share/yosys/lattice/common_sim.vh:278$1846'.
Found and cleaned up 1 empty switch in `$paramod$b50ed6cf3f2b5c0e07657602cb4455d90f2562f9\TRELLIS_FF.$proc$/home/moss/installs/EDA/oss-cad-suite/lib/../share/yosys/lattice/common_sim.vh:282$1845'.
Removing empty process `$paramod$b50ed6cf3f2b5c0e07657602cb4455d90f2562f9\TRELLIS_FF.$proc$/home/moss/installs/EDA/oss-cad-suite/lib/../share/yosys/lattice/common_sim.vh:282$1845'.
Cleaned up 1 empty switch.

4.45.6. Executing SCC pass (detecting logic loops).
Found 0 SCCs in module OscillatorTop.
Found 0 SCCs.

4.45.7. Executing ABC9_OPS pass (helper functions for ABC9).

4.45.8. Executing TECHMAP pass (map to technology primitives).

4.45.8.1. Executing Verilog-2005 frontend: /home/moss/installs/EDA/oss-cad-suite/lib/../share/yosys/techmap.v
Parsing Verilog input from `/home/moss/installs/EDA/oss-cad-suite/lib/../share/yosys/techmap.v' to AST representation.
Generating RTLIL representation for module `\_90_simplemap_bool_ops'.
Generating RTLIL representation for module `\_90_simplemap_reduce_ops'.
Generating RTLIL representation for module `\_90_simplemap_logic_ops'.
Generating RTLIL representation for module `\_90_simplemap_compare_ops'.
Generating RTLIL representation for module `\_90_simplemap_various'.
Generating RTLIL representation for module `\_90_simplemap_registers'.
Generating RTLIL representation for module `\_90_shift_ops_shr_shl_sshl_sshr'.
Generating RTLIL representation for module `\_90_shift_shiftx'.
Generating RTLIL representation for module `\_90_fa'.
Generating RTLIL representation for module `\_90_lcu_brent_kung'.
Generating RTLIL representation for module `\_90_alu'.
Generating RTLIL representation for module `\_90_macc'.
Generating RTLIL representation for module `\_90_alumacc'.
Generating RTLIL representation for module `$__div_mod_u'.
Generating RTLIL representation for module `$__div_mod_trunc'.
Generating RTLIL representation for module `\_90_div'.
Generating RTLIL representation for module `\_90_mod'.
Generating RTLIL representation for module `$__div_mod_floor'.
Generating RTLIL representation for module `\_90_divfloor'.
Generating RTLIL representation for module `\_90_modfloor'.
Generating RTLIL representation for module `\_90_pow'.
Generating RTLIL representation for module `\_90_pmux'.
Generating RTLIL representation for module `\_90_demux'.
Generating RTLIL representation for module `\_90_lut'.
Generating RTLIL representation for module `$connect'.
Generating RTLIL representation for module `$input_port'.
Successfully finished Verilog frontend.

4.45.8.2. Continuing TECHMAP pass.
No more expansions possible.
<suppressed ~172 debug messages>

4.45.9. Executing OPT pass (performing simple optimizations).

4.45.9.1. Executing OPT_EXPR pass (perform const folding).
Optimizing module $paramod$37e41664cab9052a9b41c89036e0524f666a0fee\TRELLIS_FF.
Optimizing module $paramod$68581f66a8fa831820fa7633bd24ba569ae9d7e3\TRELLIS_FF.
Optimizing module $paramod$b50ed6cf3f2b5c0e07657602cb4455d90f2562f9\TRELLIS_FF.

4.45.9.2. Executing OPT_MERGE pass (detect identical cells).
Finding identical cells in module `$paramod$37e41664cab9052a9b41c89036e0524f666a0fee\TRELLIS_FF'.
Computing hashes of 2 cells of `$paramod$37e41664cab9052a9b41c89036e0524f666a0fee\TRELLIS_FF'.
Finding duplicate cells in `$paramod$37e41664cab9052a9b41c89036e0524f666a0fee\TRELLIS_FF'.
Finding identical cells in module `$paramod$68581f66a8fa831820fa7633bd24ba569ae9d7e3\TRELLIS_FF'.
Computing hashes of 2 cells of `$paramod$68581f66a8fa831820fa7633bd24ba569ae9d7e3\TRELLIS_FF'.
Finding duplicate cells in `$paramod$68581f66a8fa831820fa7633bd24ba569ae9d7e3\TRELLIS_FF'.
Finding identical cells in module `$paramod$b50ed6cf3f2b5c0e07657602cb4455d90f2562f9\TRELLIS_FF'.
Computing hashes of 2 cells of `$paramod$b50ed6cf3f2b5c0e07657602cb4455d90f2562f9\TRELLIS_FF'.
Finding duplicate cells in `$paramod$b50ed6cf3f2b5c0e07657602cb4455d90f2562f9\TRELLIS_FF'.
Removed a total of 0 cells.

4.45.9.3. Executing OPT_MUXTREE pass (detect dead branches in mux trees).
Running muxtree optimizer on module $paramod$37e41664cab9052a9b41c89036e0524f666a0fee\TRELLIS_FF..
  Creating internal representation of mux trees.
  No muxes found in this module.
Running muxtree optimizer on module $paramod$68581f66a8fa831820fa7633bd24ba569ae9d7e3\TRELLIS_FF..
  Creating internal representation of mux trees.
  No muxes found in this module.
Running muxtree optimizer on module $paramod$b50ed6cf3f2b5c0e07657602cb4455d90f2562f9\TRELLIS_FF..
  Creating internal representation of mux trees.
  No muxes found in this module.
Removed 0 multiplexer ports.

4.45.9.4. Executing OPT_REDUCE pass (consolidate $*mux and $reduce_* inputs).
  Optimizing cells in module $paramod$37e41664cab9052a9b41c89036e0524f666a0fee\TRELLIS_FF.
  Optimizing cells in module $paramod$68581f66a8fa831820fa7633bd24ba569ae9d7e3\TRELLIS_FF.
  Optimizing cells in module $paramod$b50ed6cf3f2b5c0e07657602cb4455d90f2562f9\TRELLIS_FF.
Performed a total of 0 changes.

4.45.9.5. Executing OPT_MERGE pass (detect identical cells).
Finding identical cells in module `$paramod$37e41664cab9052a9b41c89036e0524f666a0fee\TRELLIS_FF'.
Computing hashes of 2 cells of `$paramod$37e41664cab9052a9b41c89036e0524f666a0fee\TRELLIS_FF'.
Finding duplicate cells in `$paramod$37e41664cab9052a9b41c89036e0524f666a0fee\TRELLIS_FF'.
Finding identical cells in module `$paramod$68581f66a8fa831820fa7633bd24ba569ae9d7e3\TRELLIS_FF'.
Computing hashes of 2 cells of `$paramod$68581f66a8fa831820fa7633bd24ba569ae9d7e3\TRELLIS_FF'.
Finding duplicate cells in `$paramod$68581f66a8fa831820fa7633bd24ba569ae9d7e3\TRELLIS_FF'.
Finding identical cells in module `$paramod$b50ed6cf3f2b5c0e07657602cb4455d90f2562f9\TRELLIS_FF'.
Computing hashes of 2 cells of `$paramod$b50ed6cf3f2b5c0e07657602cb4455d90f2562f9\TRELLIS_FF'.
Finding duplicate cells in `$paramod$b50ed6cf3f2b5c0e07657602cb4455d90f2562f9\TRELLIS_FF'.
Removed a total of 0 cells.

4.45.9.6. Executing OPT_DFF pass (perform DFF optimizations).

4.45.9.7. Executing OPT_CLEAN pass (remove unused cells and wires).
Finding unused cells or wires in module $paramod$37e41664cab9052a9b41c89036e0524f666a0fee\TRELLIS_FF..
Finding unused cells or wires in module $paramod$68581f66a8fa831820fa7633bd24ba569ae9d7e3\TRELLIS_FF..
Finding unused cells or wires in module $paramod$b50ed6cf3f2b5c0e07657602cb4455d90f2562f9\TRELLIS_FF..

4.45.9.8. Executing OPT_EXPR pass (perform const folding).
Optimizing module $paramod$37e41664cab9052a9b41c89036e0524f666a0fee\TRELLIS_FF.
Optimizing module $paramod$68581f66a8fa831820fa7633bd24ba569ae9d7e3\TRELLIS_FF.
Optimizing module $paramod$b50ed6cf3f2b5c0e07657602cb4455d90f2562f9\TRELLIS_FF.

4.45.9.9. Finished fast OPT passes. (There is nothing left to do.)

4.45.10. Executing TECHMAP pass (map to technology primitives).

4.45.10.1. Executing Verilog-2005 frontend: /home/moss/installs/EDA/oss-cad-suite/lib/../share/yosys/abc9_map.v
Parsing Verilog input from `/home/moss/installs/EDA/oss-cad-suite/lib/../share/yosys/abc9_map.v' to AST representation.
Successfully finished Verilog frontend.

4.45.10.2. Continuing TECHMAP pass.
Using template $paramod$68581f66a8fa831820fa7633bd24ba569ae9d7e3\TRELLIS_FF for cells of type $paramod$68581f66a8fa831820fa7633bd24ba569ae9d7e3\TRELLIS_FF.
Using template $paramod$37e41664cab9052a9b41c89036e0524f666a0fee\TRELLIS_FF for cells of type $paramod$37e41664cab9052a9b41c89036e0524f666a0fee\TRELLIS_FF.
Using template $paramod$b50ed6cf3f2b5c0e07657602cb4455d90f2562f9\TRELLIS_FF for cells of type $paramod$b50ed6cf3f2b5c0e07657602cb4455d90f2562f9\TRELLIS_FF.
No more expansions possible.
<suppressed ~109 debug messages>

4.45.11. Executing Verilog-2005 frontend: /home/moss/installs/EDA/oss-cad-suite/lib/../share/yosys/abc9_model.v
Parsing Verilog input from `/home/moss/installs/EDA/oss-cad-suite/lib/../share/yosys/abc9_model.v' to AST representation.
Generating RTLIL representation for module `$__ABC9_DELAY'.
Generating RTLIL representation for module `$__ABC9_SCC_BREAKER'.
Generating RTLIL representation for module `$__DFF_N__$abc9_flop'.
Generating RTLIL representation for module `$__DFF_P__$abc9_flop'.
Successfully finished Verilog frontend.

4.45.12. Executing ABC9_OPS pass (helper functions for ABC9).
<suppressed ~2 debug messages>

4.45.13. Executing ABC9_OPS pass (helper functions for ABC9).

4.45.14. Executing ABC9_OPS pass (helper functions for ABC9).
<suppressed ~2 debug messages>

4.45.15. Executing TECHMAP pass (map to technology primitives).

4.45.15.1. Executing Verilog-2005 frontend: /home/moss/installs/EDA/oss-cad-suite/lib/../share/yosys/techmap.v
Parsing Verilog input from `/home/moss/installs/EDA/oss-cad-suite/lib/../share/yosys/techmap.v' to AST representation.
Generating RTLIL representation for module `\_90_simplemap_bool_ops'.
Generating RTLIL representation for module `\_90_simplemap_reduce_ops'.
Generating RTLIL representation for module `\_90_simplemap_logic_ops'.
Generating RTLIL representation for module `\_90_simplemap_compare_ops'.
Generating RTLIL representation for module `\_90_simplemap_various'.
Generating RTLIL representation for module `\_90_simplemap_registers'.
Generating RTLIL representation for module `\_90_shift_ops_shr_shl_sshl_sshr'.
Generating RTLIL representation for module `\_90_shift_shiftx'.
Generating RTLIL representation for module `\_90_fa'.
Generating RTLIL representation for module `\_90_lcu_brent_kung'.
Generating RTLIL representation for module `\_90_alu'.
Generating RTLIL representation for module `\_90_macc'.
Generating RTLIL representation for module `\_90_alumacc'.
Generating RTLIL representation for module `$__div_mod_u'.
Generating RTLIL representation for module `$__div_mod_trunc'.
Generating RTLIL representation for module `\_90_div'.
Generating RTLIL representation for module `\_90_mod'.
Generating RTLIL representation for module `$__div_mod_floor'.
Generating RTLIL representation for module `\_90_divfloor'.
Generating RTLIL representation for module `\_90_modfloor'.
Generating RTLIL representation for module `\_90_pow'.
Generating RTLIL representation for module `\_90_pmux'.
Generating RTLIL representation for module `\_90_demux'.
Generating RTLIL representation for module `\_90_lut'.
Generating RTLIL representation for module `$connect'.
Generating RTLIL representation for module `$input_port'.
Successfully finished Verilog frontend.

4.45.15.2. Continuing TECHMAP pass.
Using template $paramod$838872d5a4bab89607f53482b205c0fd50d8b82e\CCU2C for cells of type $paramod$838872d5a4bab89607f53482b205c0fd50d8b82e\CCU2C.
Using extmapper simplemap for cells of type $or.
Using extmapper simplemap for cells of type $and.
Using extmapper simplemap for cells of type $not.
Using extmapper simplemap for cells of type $xor.
Using template $paramod\LUT2\INIT=4'1010 for cells of type LUT2.
Using template $paramod\LUT4\INIT=16'1001011010101010 for cells of type LUT4.
Using extmapper simplemap for cells of type $mux.
No more expansions possible.
<suppressed ~211 debug messages>

4.45.16. Executing OPT pass (performing simple optimizations).

4.45.16.1. Executing OPT_EXPR pass (perform const folding).
Optimizing module OscillatorTop.
<suppressed ~18 debug messages>

4.45.16.2. Executing OPT_MERGE pass (detect identical cells).
Finding identical cells in module `\OscillatorTop'.
Computing hashes of 59 cells of `\OscillatorTop'.
Finding duplicate cells in `\OscillatorTop'.
Computing hashes of 57 cells of `\OscillatorTop'.
Finding duplicate cells in `\OscillatorTop'.
<suppressed ~6 debug messages>
Removed a total of 2 cells.

4.45.16.3. Executing OPT_MUXTREE pass (detect dead branches in mux trees).
Running muxtree optimizer on module \OscillatorTop..
  Creating internal representation of mux trees.
  No muxes found in this module.
Removed 0 multiplexer ports.

4.45.16.4. Executing OPT_REDUCE pass (consolidate $*mux and $reduce_* inputs).
  Optimizing cells in module \OscillatorTop.
Performed a total of 0 changes.

4.45.16.5. Executing OPT_MERGE pass (detect identical cells).
Finding identical cells in module `\OscillatorTop'.
Computing hashes of 57 cells of `\OscillatorTop'.
Finding duplicate cells in `\OscillatorTop'.
Removed a total of 0 cells.

4.45.16.6. Executing OPT_DFF pass (perform DFF optimizations).

4.45.16.7. Executing OPT_CLEAN pass (remove unused cells and wires).
Finding unused cells or wires in module \OscillatorTop..
Removed 0 unused cells and 55 unused wires.
<suppressed ~1 debug messages>

4.45.16.8. Executing OPT_EXPR pass (perform const folding).
Optimizing module OscillatorTop.

4.45.16.9. Rerunning OPT passes. (Maybe there is more to do..)

4.45.16.10. Executing OPT_MUXTREE pass (detect dead branches in mux trees).
Running muxtree optimizer on module \OscillatorTop..
  Creating internal representation of mux trees.
  No muxes found in this module.
Removed 0 multiplexer ports.

4.45.16.11. Executing OPT_REDUCE pass (consolidate $*mux and $reduce_* inputs).
  Optimizing cells in module \OscillatorTop.
Performed a total of 0 changes.

4.45.16.12. Executing OPT_MERGE pass (detect identical cells).
Finding identical cells in module `\OscillatorTop'.
Computing hashes of 57 cells of `\OscillatorTop'.
Finding duplicate cells in `\OscillatorTop'.
Removed a total of 0 cells.

4.45.16.13. Executing OPT_DFF pass (perform DFF optimizations).

4.45.16.14. Executing OPT_CLEAN pass (remove unused cells and wires).
Finding unused cells or wires in module \OscillatorTop..

4.45.16.15. Executing OPT_EXPR pass (perform const folding).
Optimizing module OscillatorTop.

4.45.16.16. Finished fast OPT passes. (There is nothing left to do.)

4.45.17. Executing AIGMAP pass (map logic to AIG).
Module OscillatorTop: replaced 18 cells with 120 new cells, skipped 39 cells.
  replaced 3 cell types:
      14 $_MUX_
       2 $_OR_
       2 $_XOR_
  not replaced 3 cell types:
       4 $_AND_
       4 $_NOT_
      31 $specify2

4.45.18. Executing AIGMAP pass (map logic to AIG).
Module OscillatorTop: replaced 109 cells with 637 new cells, skipped 304 cells.
  replaced 3 cell types:
      65 $_MUX_
      42 $_OR_
       2 $_XOR_
  not replaced 11 cell types:
      13 $_AND_
      38 $_NOT_
      10 $scopeinfo
       2 EHXPLLL
      82 $paramod$37e41664cab9052a9b41c89036e0524f666a0fee\TRELLIS_FF
      33 $paramod$838872d5a4bab89607f53482b205c0fd50d8b82e\CCU2C
      18 $paramod$68581f66a8fa831820fa7633bd24ba569ae9d7e3\TRELLIS_FF
       4 $paramod$b50ed6cf3f2b5c0e07657602cb4455d90f2562f9\TRELLIS_FF
      82 $paramod$37e41664cab9052a9b41c89036e0524f666a0fee\TRELLIS_FF_$abc9_byp
      18 $paramod$68581f66a8fa831820fa7633bd24ba569ae9d7e3\TRELLIS_FF_$abc9_byp
       4 $paramod$b50ed6cf3f2b5c0e07657602cb4455d90f2562f9\TRELLIS_FF_$abc9_byp

4.45.18.1. Executing ABC9_OPS pass (helper functions for ABC9).

4.45.18.2. Executing ABC9_OPS pass (helper functions for ABC9).

4.45.18.3. Executing XAIGER backend.
<suppressed ~11 debug messages>
Extracted 256 AND gates and 1070 wires from module `OscillatorTop' to a netlist network with 108 inputs and 113 outputs.

4.45.18.4. Executing ABC9_EXE pass (technology mapping using ABC9).

4.45.18.5. Executing ABC9.
Running ABC command: "<yosys-exe-dir>/yosys-abc" -s -f <abc-temp-dir>/abc.script 2>&1
ABC: ======== ABC command line "source <abc-temp-dir>/abc.script"
ABC: + read_lut <abc-temp-dir>/input.lut 
ABC: + read_box <abc-temp-dir>/input.box 
ABC: + &read <abc-temp-dir>/input.xaig 
ABC: + &ps 
ABC: <abc-temp-dir>/input : i/o =    108/    113  and =     200  lev =    8 (0.49)  mem = 0.02 MB  box = 137  bb = 104
ABC: + &scorr 
ABC: Warning: The network is combinational.
ABC: + &sweep 
ABC: + &dc2 
ABC: + &dch -f -r 
ABC: + &ps 
ABC: <abc-temp-dir>/input : i/o =    108/    113  and =     268  lev =    6 (0.32)  mem = 0.02 MB  ch =   45  box = 133  bb = 104
ABC: cst =       0  cls =     44  lit =      45  unused =     478  proof =     0
ABC: + &if -W 300 -v 
ABC: K = 7. Memory (bytes): Truth =    0. Cut =   64. Obj =  148. Set =  672. CutMin = no
ABC: Node =     268.  Ch =    44.  Total mem =    0.18 MB. Peak cut mem =    0.01 MB.
ABC: P:  Del = 1519.00.  Ar =     220.0.  Edge =      252.  Cut =     3556.  T =     0.00 sec
ABC: P:  Del = 1519.00.  Ar =     220.0.  Edge =      252.  Cut =     3511.  T =     0.00 sec
ABC: P:  Del = 1519.00.  Ar =     209.0.  Edge =      251.  Cut =     3770.  T =     0.00 sec
ABC: F:  Del = 1519.00.  Ar =     163.0.  Edge =      229.  Cut =     3670.  T =     0.01 sec
ABC: A:  Del = 1519.00.  Ar =     163.0.  Edge =      228.  Cut =     3629.  T =     0.00 sec
ABC: A:  Del = 1519.00.  Ar =     163.0.  Edge =      228.  Cut =     3629.  T =     0.00 sec
ABC: Total time =     0.02 sec
ABC: + &write -n <abc-temp-dir>/output.aig 
ABC: + &mfs 
ABC: + &ps -l 
ABC: <abc-temp-dir>/input : i/o =    108/    113  and =     240  lev =    7 (0.34)  mem = 0.02 MB  box = 131  bb = 104
ABC: Mapping (K=7)  :  lut =     53  edge =     221  lev =    2 (0.13)  levB =   13  mem = 0.01 MB
ABC: LUT = 53 : 2=15 28.3 %  3=9 17.0 %  4=12 22.6 %  5=1 1.9 %  6=1 1.9 %  7=15 28.3 %  Ave = 4.17
ABC: + &write -n <abc-temp-dir>/output.aig 
ABC: + time 
ABC: elapse: 0.09 seconds, total: 0.09 seconds

4.45.18.6. Executing AIGER frontend.
<suppressed ~460 debug messages>
Removed 331 unused cells and 1239 unused wires.

4.45.18.7. Executing ABC9_OPS pass (helper functions for ABC9).
ABC RESULTS:              $lut cells:       57
ABC RESULTS:   $paramod$838872d5a4bab89607f53482b205c0fd50d8b82e\CCU2C cells:       27
ABC RESULTS:   $paramod$37e41664cab9052a9b41c89036e0524f666a0fee\TRELLIS_FF_$abc9_byp cells:       82
ABC RESULTS:   $paramod$68581f66a8fa831820fa7633bd24ba569ae9d7e3\TRELLIS_FF_$abc9_byp cells:       18
ABC RESULTS:   $paramod$b50ed6cf3f2b5c0e07657602cb4455d90f2562f9\TRELLIS_FF_$abc9_byp cells:        4
ABC RESULTS:           input signals:      108
ABC RESULTS:          output signals:       23
Removing temp directory.

4.45.19. Executing TECHMAP pass (map to technology primitives).

4.45.19.1. Executing Verilog-2005 frontend: /home/moss/installs/EDA/oss-cad-suite/lib/../share/yosys/abc9_unmap.v
Parsing Verilog input from `/home/moss/installs/EDA/oss-cad-suite/lib/../share/yosys/abc9_unmap.v' to AST representation.
Generating RTLIL representation for module `$__DFF_x__$abc9_flop'.
Generating RTLIL representation for module `$__ABC9_SCC_BREAKER'.
Successfully finished Verilog frontend.

4.45.19.2. Continuing TECHMAP pass.
Using template $paramod$68581f66a8fa831820fa7633bd24ba569ae9d7e3\TRELLIS_FF for cells of type $paramod$68581f66a8fa831820fa7633bd24ba569ae9d7e3\TRELLIS_FF.
Using template $paramod$68581f66a8fa831820fa7633bd24ba569ae9d7e3\TRELLIS_FF_$abc9_byp for cells of type $paramod$68581f66a8fa831820fa7633bd24ba569ae9d7e3\TRELLIS_FF_$abc9_byp.
Using template $paramod$838872d5a4bab89607f53482b205c0fd50d8b82e\CCU2C for cells of type $paramod$838872d5a4bab89607f53482b205c0fd50d8b82e\CCU2C.
Using template $paramod$37e41664cab9052a9b41c89036e0524f666a0fee\TRELLIS_FF for cells of type $paramod$37e41664cab9052a9b41c89036e0524f666a0fee\TRELLIS_FF.
Using template $paramod$37e41664cab9052a9b41c89036e0524f666a0fee\TRELLIS_FF_$abc9_byp for cells of type $paramod$37e41664cab9052a9b41c89036e0524f666a0fee\TRELLIS_FF_$abc9_byp.
Using template $paramod$b50ed6cf3f2b5c0e07657602cb4455d90f2562f9\TRELLIS_FF for cells of type $paramod$b50ed6cf3f2b5c0e07657602cb4455d90f2562f9\TRELLIS_FF.
Using template $paramod$b50ed6cf3f2b5c0e07657602cb4455d90f2562f9\TRELLIS_FF_$abc9_byp for cells of type $paramod$b50ed6cf3f2b5c0e07657602cb4455d90f2562f9\TRELLIS_FF_$abc9_byp.
No more expansions possible.
<suppressed ~247 debug messages>
Removed 24 unused cells and 3342 unused wires.

4.46. Executing TECHMAP pass (map to technology primitives).

4.46.1. Executing Verilog-2005 frontend: /home/moss/installs/EDA/oss-cad-suite/lib/../share/yosys/lattice/cells_map_trellis.v
Parsing Verilog input from `/home/moss/installs/EDA/oss-cad-suite/lib/../share/yosys/lattice/cells_map_trellis.v' to AST representation.
Generating RTLIL representation for module `$_DFF_N_'.
Generating RTLIL representation for module `$_DFF_P_'.
Generating RTLIL representation for module `$_DFFE_NN_'.
Generating RTLIL representation for module `$_DFFE_PN_'.
Generating RTLIL representation for module `$_DFFE_NP_'.
Generating RTLIL representation for module `$_DFFE_PP_'.
Generating RTLIL representation for module `$_DFF_NP0_'.
Generating RTLIL representation for module `$_DFF_NP1_'.
Generating RTLIL representation for module `$_DFF_PP0_'.
Generating RTLIL representation for module `$_DFF_PP1_'.
Generating RTLIL representation for module `$_SDFF_NP0_'.
Generating RTLIL representation for module `$_SDFF_NP1_'.
Generating RTLIL representation for module `$_SDFF_PP0_'.
Generating RTLIL representation for module `$_SDFF_PP1_'.
Generating RTLIL representation for module `$_DFFE_NP0P_'.
Generating RTLIL representation for module `$_DFFE_NP1P_'.
Generating RTLIL representation for module `$_DFFE_PP0P_'.
Generating RTLIL representation for module `$_DFFE_PP1P_'.
Generating RTLIL representation for module `$_DFFE_NP0N_'.
Generating RTLIL representation for module `$_DFFE_NP1N_'.
Generating RTLIL representation for module `$_DFFE_PP0N_'.
Generating RTLIL representation for module `$_DFFE_PP1N_'.
Generating RTLIL representation for module `$_SDFFE_NP0P_'.
Generating RTLIL representation for module `$_SDFFE_NP1P_'.
Generating RTLIL representation for module `$_SDFFE_PP0P_'.
Generating RTLIL representation for module `$_SDFFE_PP1P_'.
Generating RTLIL representation for module `$_SDFFE_NP0N_'.
Generating RTLIL representation for module `$_SDFFE_NP1N_'.
Generating RTLIL representation for module `$_SDFFE_PP0N_'.
Generating RTLIL representation for module `$_SDFFE_PP1N_'.
Generating RTLIL representation for module `$_ALDFF_NP_'.
Generating RTLIL representation for module `$_ALDFF_PP_'.
Generating RTLIL representation for module `$_ALDFFE_NPN_'.
Generating RTLIL representation for module `$_ALDFFE_NPP_'.
Generating RTLIL representation for module `$_ALDFFE_PPN_'.
Generating RTLIL representation for module `$_ALDFFE_PPP_'.
Generating RTLIL representation for module `\FD1P3AX'.
Generating RTLIL representation for module `\FD1P3AY'.
Generating RTLIL representation for module `\FD1P3BX'.
Generating RTLIL representation for module `\FD1P3DX'.
Generating RTLIL representation for module `\FD1P3IX'.
Generating RTLIL representation for module `\FD1P3JX'.
Generating RTLIL representation for module `\FD1S3AX'.
Generating RTLIL representation for module `\FD1S3AY'.
Generating RTLIL representation for module `\FD1S3BX'.
Generating RTLIL representation for module `\FD1S3DX'.
Generating RTLIL representation for module `\FD1S3IX'.
Generating RTLIL representation for module `\FD1S3JX'.
Generating RTLIL representation for module `\IFS1P3BX'.
Generating RTLIL representation for module `\IFS1P3DX'.
Generating RTLIL representation for module `\IFS1P3IX'.
Generating RTLIL representation for module `\IFS1P3JX'.
Generating RTLIL representation for module `\OFS1P3BX'.
Generating RTLIL representation for module `\OFS1P3DX'.
Generating RTLIL representation for module `\OFS1P3IX'.
Generating RTLIL representation for module `\OFS1P3JX'.
Generating RTLIL representation for module `\IB'.
Generating RTLIL representation for module `\IBPU'.
Generating RTLIL representation for module `\IBPD'.
Generating RTLIL representation for module `\OB'.
Generating RTLIL representation for module `\OBZ'.
Generating RTLIL representation for module `\OBZPU'.
Generating RTLIL representation for module `\OBZPD'.
Generating RTLIL representation for module `\OBCO'.
Generating RTLIL representation for module `\BB'.
Generating RTLIL representation for module `\BBPU'.
Generating RTLIL representation for module `\BBPD'.
Generating RTLIL representation for module `\ILVDS'.
Generating RTLIL representation for module `\OLVDS'.
Generating RTLIL representation for module `$lut'.
Successfully finished Verilog frontend.

4.46.2. Continuing TECHMAP pass.
Using template $paramod$lut\WIDTH=32'00000000000000000000000000000011\LUT=8'00000001 for cells of type $lut.
Using template $paramod$lut\WIDTH=32'00000000000000000000000000000010\LUT=4'0001 for cells of type $lut.
Using template $paramod$lut\WIDTH=32'00000000000000000000000000000011\LUT=8'11011001 for cells of type $lut.
Using template $paramod$31e67148df8759ee3845fb8e01f67973ad1da835$lut for cells of type $lut.
Using template $paramod$lut\WIDTH=32'00000000000000000000000000000010\LUT=4'1110 for cells of type $lut.
Using template $paramod$lut\WIDTH=32'00000000000000000000000000000010\LUT=4'0010 for cells of type $lut.
Using template $paramod$40ded33cbfc6581bdfc426ef3bc93728d337225b$lut for cells of type $lut.
Using template $paramod$f7e977e4ab769956ecac4448595a773db86c44e8$lut for cells of type $lut.
Using template $paramod$55e306b0427fe03b3968679e8f23274ef19ceb5c$lut for cells of type $lut.
Using template $paramod$e51a8a571bee774247b38f52d6e85fd62ae52cea$lut for cells of type $lut.
Using template $paramod$lut\WIDTH=32'00000000000000000000000000000011\LUT=8'01000110 for cells of type $lut.
Using template $paramod$lut\WIDTH=32'00000000000000000000000000000010\LUT=4'1101 for cells of type $lut.
Using template $paramod$5321e04f7ce32c091123c3570ab562efb1c81402$lut for cells of type $lut.
Using template $paramod$lut\WIDTH=32'00000000000000000000000000000010\LUT=4'1000 for cells of type $lut.
Using template $paramod$lut\WIDTH=32'00000000000000000000000000000011\LUT=8'10000000 for cells of type $lut.
Using template $paramod$6b0849254d6c87461fb93e37cc18f089f61eb912$lut for cells of type $lut.
Using template $paramod$lut\WIDTH=32'00000000000000000000000000000010\LUT=4'0100 for cells of type $lut.
Using template $paramod$lut\WIDTH=32'00000000000000000000000000000011\LUT=8'00010000 for cells of type $lut.
Using template $paramod$lut\WIDTH=32'00000000000000000000000000000011\LUT=8'11001000 for cells of type $lut.
Using template $paramod$3b5b4efb8d3620dcbbb946e7e54e0ff6f460dd44$lut for cells of type $lut.
Using template $paramod$f5d1c5d5f77f45ffe17befc28ba399e703b6f0a5$lut for cells of type $lut.
Using template $paramod$lut\WIDTH=32'00000000000000000000000000000011\LUT=8'00010100 for cells of type $lut.
Using template $paramod$lut\WIDTH=32'00000000000000000000000000000011\LUT=8'00100000 for cells of type $lut.
Using template $paramod$lut\WIDTH=32'00000000000000000000000000000001\LUT=2'01 for cells of type $lut.
No more expansions possible.
<suppressed ~441 debug messages>

4.47. Executing OPT_LUT_INS pass (discard unused LUT inputs).
Optimizing LUTs in OscillatorTop.
  Optimizing lut $auto$abc9_ops.cc:1552:reintegrate$3691.genblk1.genblk1.genblk1.genblk1.genblk1.genblk1.genblk1.lut2 (4 -> 3)
  Optimizing lut $auto$abc9_ops.cc:1552:reintegrate$3691.genblk1.genblk1.genblk1.genblk1.genblk1.genblk1.genblk1.lut3 (4 -> 3)
  Optimizing lut $auto$abc9_ops.cc:1552:reintegrate$3691.genblk1.genblk1.genblk1.genblk1.genblk1.genblk1.genblk1.lut4 (4 -> 3)
  Optimizing lut $auto$abc9_ops.cc:1552:reintegrate$3691.genblk1.genblk1.genblk1.genblk1.genblk1.genblk1.genblk1.lut5 (4 -> 3)
  Optimizing lut $auto$abc9_ops.cc:1552:reintegrate$3691.genblk1.genblk1.genblk1.genblk1.genblk1.genblk1.genblk1.lut6 (4 -> 3)
  Optimizing lut $auto$abc9_ops.cc:1552:reintegrate$3691.genblk1.genblk1.genblk1.genblk1.genblk1.genblk1.genblk1.lut7 (4 -> 3)
  Optimizing lut $auto$abc9_ops.cc:1552:reintegrate$3692.genblk1.genblk1.genblk1.genblk1.genblk1.genblk1.genblk1.lut1 (4 -> 3)
  Optimizing lut $auto$abc9_ops.cc:1552:reintegrate$3692.genblk1.genblk1.genblk1.genblk1.genblk1.genblk1.genblk1.lut2 (4 -> 3)
  Optimizing lut $auto$abc9_ops.cc:1552:reintegrate$3692.genblk1.genblk1.genblk1.genblk1.genblk1.genblk1.genblk1.lut3 (4 -> 3)
  Optimizing lut $auto$abc9_ops.cc:1552:reintegrate$3692.genblk1.genblk1.genblk1.genblk1.genblk1.genblk1.genblk1.lut4 (4 -> 3)
  Optimizing lut $auto$abc9_ops.cc:1552:reintegrate$3692.genblk1.genblk1.genblk1.genblk1.genblk1.genblk1.genblk1.lut5 (4 -> 3)
  Optimizing lut $auto$abc9_ops.cc:1552:reintegrate$3692.genblk1.genblk1.genblk1.genblk1.genblk1.genblk1.genblk1.lut6 (4 -> 3)
  Optimizing lut $auto$abc9_ops.cc:1552:reintegrate$3692.genblk1.genblk1.genblk1.genblk1.genblk1.genblk1.genblk1.lut7 (4 -> 3)
  Optimizing lut $auto$abc9_ops.cc:1552:reintegrate$3693.genblk1.genblk1.genblk1.genblk1.genblk1.genblk1.genblk1.lut1 (4 -> 3)
  Optimizing lut $auto$abc9_ops.cc:1552:reintegrate$3693.genblk1.genblk1.genblk1.genblk1.genblk1.genblk1.genblk1.lut2 (4 -> 3)
  Optimizing lut $auto$abc9_ops.cc:1552:reintegrate$3693.genblk1.genblk1.genblk1.genblk1.genblk1.genblk1.genblk1.lut3 (4 -> 3)
  Optimizing lut $auto$abc9_ops.cc:1552:reintegrate$3693.genblk1.genblk1.genblk1.genblk1.genblk1.genblk1.genblk1.lut4 (4 -> 3)
  Optimizing lut $auto$abc9_ops.cc:1552:reintegrate$3693.genblk1.genblk1.genblk1.genblk1.genblk1.genblk1.genblk1.lut5 (4 -> 3)
  Optimizing lut $auto$abc9_ops.cc:1552:reintegrate$3693.genblk1.genblk1.genblk1.genblk1.genblk1.genblk1.genblk1.lut6 (4 -> 3)
  Optimizing lut $auto$abc9_ops.cc:1552:reintegrate$3693.genblk1.genblk1.genblk1.genblk1.genblk1.genblk1.genblk1.lut7 (4 -> 3)
  Optimizing lut $auto$abc9_ops.cc:1552:reintegrate$3694.genblk1.genblk1.genblk1.genblk1.genblk1.genblk1.genblk1.lut1 (4 -> 3)
  Optimizing lut $auto$abc9_ops.cc:1552:reintegrate$3694.genblk1.genblk1.genblk1.genblk1.genblk1.genblk1.genblk1.lut2 (4 -> 3)
  Optimizing lut $auto$abc9_ops.cc:1552:reintegrate$3694.genblk1.genblk1.genblk1.genblk1.genblk1.genblk1.genblk1.lut3 (4 -> 3)
  Optimizing lut $auto$abc9_ops.cc:1552:reintegrate$3694.genblk1.genblk1.genblk1.genblk1.genblk1.genblk1.genblk1.lut4 (4 -> 3)
  Optimizing lut $auto$abc9_ops.cc:1552:reintegrate$3694.genblk1.genblk1.genblk1.genblk1.genblk1.genblk1.genblk1.lut5 (4 -> 3)
  Optimizing lut $auto$abc9_ops.cc:1552:reintegrate$3694.genblk1.genblk1.genblk1.genblk1.genblk1.genblk1.genblk1.lut6 (4 -> 3)
  Optimizing lut $auto$abc9_ops.cc:1552:reintegrate$3694.genblk1.genblk1.genblk1.genblk1.genblk1.genblk1.genblk1.lut7 (4 -> 3)
  Optimizing lut $auto$abc9_ops.cc:1552:reintegrate$3695.genblk1.genblk1.genblk1.genblk1.genblk1.genblk1.genblk1.lut1 (4 -> 3)
  Optimizing lut $auto$abc9_ops.cc:1552:reintegrate$3695.genblk1.genblk1.genblk1.genblk1.genblk1.genblk1.genblk1.lut2 (4 -> 3)
  Optimizing lut $auto$abc9_ops.cc:1552:reintegrate$3695.genblk1.genblk1.genblk1.genblk1.genblk1.genblk1.genblk1.lut3 (4 -> 3)
  Optimizing lut $auto$abc9_ops.cc:1552:reintegrate$3695.genblk1.genblk1.genblk1.genblk1.genblk1.genblk1.genblk1.lut4 (4 -> 3)
  Optimizing lut $auto$abc9_ops.cc:1552:reintegrate$3695.genblk1.genblk1.genblk1.genblk1.genblk1.genblk1.genblk1.lut5 (4 -> 3)
  Optimizing lut $auto$abc9_ops.cc:1552:reintegrate$3695.genblk1.genblk1.genblk1.genblk1.genblk1.genblk1.genblk1.lut6 (4 -> 3)
  Optimizing lut $auto$abc9_ops.cc:1552:reintegrate$3695.genblk1.genblk1.genblk1.genblk1.genblk1.genblk1.genblk1.lut7 (4 -> 3)
  Optimizing lut $auto$abc9_ops.cc:1552:reintegrate$3696.genblk1.genblk1.genblk1.genblk1.genblk1.genblk1.genblk1.lut1 (4 -> 3)
  Optimizing lut $auto$abc9_ops.cc:1552:reintegrate$3696.genblk1.genblk1.genblk1.genblk1.genblk1.genblk1.genblk1.lut2 (4 -> 3)
  Optimizing lut $auto$abc9_ops.cc:1552:reintegrate$3696.genblk1.genblk1.genblk1.genblk1.genblk1.genblk1.genblk1.lut3 (4 -> 3)
  Optimizing lut $auto$abc9_ops.cc:1552:reintegrate$3696.genblk1.genblk1.genblk1.genblk1.genblk1.genblk1.genblk1.lut4 (4 -> 3)
  Optimizing lut $auto$abc9_ops.cc:1552:reintegrate$3696.genblk1.genblk1.genblk1.genblk1.genblk1.genblk1.genblk1.lut5 (4 -> 3)
  Optimizing lut $auto$abc9_ops.cc:1552:reintegrate$3696.genblk1.genblk1.genblk1.genblk1.genblk1.genblk1.genblk1.lut6 (4 -> 3)
  Optimizing lut $auto$abc9_ops.cc:1552:reintegrate$3696.genblk1.genblk1.genblk1.genblk1.genblk1.genblk1.genblk1.lut7 (4 -> 3)
  Optimizing lut $auto$abc9_ops.cc:1552:reintegrate$3697.genblk1.genblk1.genblk1.genblk1.genblk1.genblk1.genblk1.lut1 (4 -> 3)
  Optimizing lut $auto$abc9_ops.cc:1552:reintegrate$3697.genblk1.genblk1.genblk1.genblk1.genblk1.genblk1.genblk1.lut2 (4 -> 3)
  Optimizing lut $auto$abc9_ops.cc:1552:reintegrate$3697.genblk1.genblk1.genblk1.genblk1.genblk1.genblk1.genblk1.lut3 (4 -> 3)
  Optimizing lut $auto$abc9_ops.cc:1552:reintegrate$3697.genblk1.genblk1.genblk1.genblk1.genblk1.genblk1.genblk1.lut4 (4 -> 3)
  Optimizing lut $auto$abc9_ops.cc:1552:reintegrate$3697.genblk1.genblk1.genblk1.genblk1.genblk1.genblk1.genblk1.lut5 (4 -> 3)
  Optimizing lut $auto$abc9_ops.cc:1552:reintegrate$3697.genblk1.genblk1.genblk1.genblk1.genblk1.genblk1.genblk1.lut6 (4 -> 3)
  Optimizing lut $auto$abc9_ops.cc:1552:reintegrate$3697.genblk1.genblk1.genblk1.genblk1.genblk1.genblk1.genblk1.lut7 (4 -> 3)
  Optimizing lut $auto$abc9_ops.cc:1552:reintegrate$3698.genblk1.genblk1.genblk1.genblk1.genblk1.genblk1.genblk1.lut1 (4 -> 3)
  Optimizing lut $auto$abc9_ops.cc:1552:reintegrate$3698.genblk1.genblk1.genblk1.genblk1.genblk1.genblk1.genblk1.lut2 (4 -> 3)
  Optimizing lut $auto$abc9_ops.cc:1552:reintegrate$3698.genblk1.genblk1.genblk1.genblk1.genblk1.genblk1.genblk1.lut3 (4 -> 3)
  Optimizing lut $auto$abc9_ops.cc:1552:reintegrate$3698.genblk1.genblk1.genblk1.genblk1.genblk1.genblk1.genblk1.lut4 (4 -> 3)
  Optimizing lut $auto$abc9_ops.cc:1552:reintegrate$3698.genblk1.genblk1.genblk1.genblk1.genblk1.genblk1.genblk1.lut5 (4 -> 3)
  Optimizing lut $auto$abc9_ops.cc:1552:reintegrate$3698.genblk1.genblk1.genblk1.genblk1.genblk1.genblk1.genblk1.lut6 (4 -> 3)
  Optimizing lut $auto$abc9_ops.cc:1552:reintegrate$3698.genblk1.genblk1.genblk1.genblk1.genblk1.genblk1.genblk1.lut7 (4 -> 3)
  Optimizing lut $auto$abc9_ops.cc:1552:reintegrate$3699.genblk1.genblk1.genblk1.genblk1.genblk1.genblk1.genblk1.lut1 (4 -> 3)
  Optimizing lut $auto$abc9_ops.cc:1552:reintegrate$3699.genblk1.genblk1.genblk1.genblk1.genblk1.genblk1.genblk1.lut2 (4 -> 3)
  Optimizing lut $auto$abc9_ops.cc:1552:reintegrate$3699.genblk1.genblk1.genblk1.genblk1.genblk1.genblk1.genblk1.lut3 (4 -> 3)
  Optimizing lut $auto$abc9_ops.cc:1552:reintegrate$3699.genblk1.genblk1.genblk1.genblk1.genblk1.genblk1.genblk1.lut4 (4 -> 3)
  Optimizing lut $auto$abc9_ops.cc:1552:reintegrate$3699.genblk1.genblk1.genblk1.genblk1.genblk1.genblk1.genblk1.lut5 (4 -> 3)
  Optimizing lut $auto$abc9_ops.cc:1552:reintegrate$3699.genblk1.genblk1.genblk1.genblk1.genblk1.genblk1.genblk1.lut6 (4 -> 3)
  Optimizing lut $auto$abc9_ops.cc:1552:reintegrate$3699.genblk1.genblk1.genblk1.genblk1.genblk1.genblk1.genblk1.lut7 (4 -> 3)
  Optimizing lut $auto$abc9_ops.cc:1552:reintegrate$3700.genblk1.genblk1.genblk1.genblk1.genblk1.genblk1.genblk1.lut1 (4 -> 3)
  Optimizing lut $auto$abc9_ops.cc:1552:reintegrate$3700.genblk1.genblk1.genblk1.genblk1.genblk1.genblk1.genblk1.lut2 (4 -> 3)
  Optimizing lut $auto$abc9_ops.cc:1552:reintegrate$3700.genblk1.genblk1.genblk1.genblk1.genblk1.genblk1.genblk1.lut3 (4 -> 3)
  Optimizing lut $auto$abc9_ops.cc:1552:reintegrate$3700.genblk1.genblk1.genblk1.genblk1.genblk1.genblk1.genblk1.lut4 (4 -> 3)
  Optimizing lut $auto$abc9_ops.cc:1552:reintegrate$3700.genblk1.genblk1.genblk1.genblk1.genblk1.genblk1.genblk1.lut5 (4 -> 3)
  Optimizing lut $auto$abc9_ops.cc:1552:reintegrate$3700.genblk1.genblk1.genblk1.genblk1.genblk1.genblk1.genblk1.lut6 (4 -> 3)
  Optimizing lut $auto$abc9_ops.cc:1552:reintegrate$3700.genblk1.genblk1.genblk1.genblk1.genblk1.genblk1.genblk1.lut7 (4 -> 3)
  Optimizing lut $auto$abc9_ops.cc:1552:reintegrate$3701.genblk1.genblk1.genblk1.genblk1.genblk1.genblk1.genblk1.lut1 (4 -> 3)
  Optimizing lut $auto$abc9_ops.cc:1552:reintegrate$3701.genblk1.genblk1.genblk1.genblk1.genblk1.genblk1.genblk1.lut2 (4 -> 3)
  Optimizing lut $auto$abc9_ops.cc:1552:reintegrate$3701.genblk1.genblk1.genblk1.genblk1.genblk1.genblk1.genblk1.lut3 (4 -> 3)
  Optimizing lut $auto$abc9_ops.cc:1552:reintegrate$3701.genblk1.genblk1.genblk1.genblk1.genblk1.genblk1.genblk1.lut4 (4 -> 3)
  Optimizing lut $auto$abc9_ops.cc:1552:reintegrate$3701.genblk1.genblk1.genblk1.genblk1.genblk1.genblk1.genblk1.lut5 (4 -> 3)
  Optimizing lut $auto$abc9_ops.cc:1552:reintegrate$3701.genblk1.genblk1.genblk1.genblk1.genblk1.genblk1.genblk1.lut6 (4 -> 3)
  Optimizing lut $auto$abc9_ops.cc:1552:reintegrate$3701.genblk1.genblk1.genblk1.genblk1.genblk1.genblk1.genblk1.lut7 (4 -> 3)
  Optimizing lut $auto$abc9_ops.cc:1552:reintegrate$3702.genblk1.genblk1.genblk1.genblk1.genblk1.genblk1.genblk1.lut1 (4 -> 3)
  Optimizing lut $auto$abc9_ops.cc:1552:reintegrate$3702.genblk1.genblk1.genblk1.genblk1.genblk1.genblk1.genblk1.lut2 (4 -> 3)
  Optimizing lut $auto$abc9_ops.cc:1552:reintegrate$3702.genblk1.genblk1.genblk1.genblk1.genblk1.genblk1.genblk1.lut3 (4 -> 3)
  Optimizing lut $auto$abc9_ops.cc:1552:reintegrate$3702.genblk1.genblk1.genblk1.genblk1.genblk1.genblk1.genblk1.lut4 (4 -> 3)
  Optimizing lut $auto$abc9_ops.cc:1552:reintegrate$3702.genblk1.genblk1.genblk1.genblk1.genblk1.genblk1.genblk1.lut5 (4 -> 3)
  Optimizing lut $auto$abc9_ops.cc:1552:reintegrate$3702.genblk1.genblk1.genblk1.genblk1.genblk1.genblk1.genblk1.lut6 (4 -> 3)
  Optimizing lut $auto$abc9_ops.cc:1552:reintegrate$3702.genblk1.genblk1.genblk1.genblk1.genblk1.genblk1.genblk1.lut7 (4 -> 3)
  Optimizing lut $auto$abc9_ops.cc:1552:reintegrate$3704.genblk1.genblk1.genblk1.genblk1.genblk1.genblk1.genblk1.lut2 (4 -> 3)
  Optimizing lut $auto$abc9_ops.cc:1552:reintegrate$3704.genblk1.genblk1.genblk1.genblk1.genblk1.genblk1.genblk1.lut3 (4 -> 3)
  Optimizing lut $auto$abc9_ops.cc:1552:reintegrate$3704.genblk1.genblk1.genblk1.genblk1.genblk1.genblk1.genblk1.lut4 (4 -> 3)
  Optimizing lut $auto$abc9_ops.cc:1552:reintegrate$3704.genblk1.genblk1.genblk1.genblk1.genblk1.genblk1.genblk1.lut5 (4 -> 3)
  Optimizing lut $auto$abc9_ops.cc:1552:reintegrate$3704.genblk1.genblk1.genblk1.genblk1.genblk1.genblk1.genblk1.lut6 (4 -> 3)
  Optimizing lut $auto$abc9_ops.cc:1552:reintegrate$3704.genblk1.genblk1.genblk1.genblk1.genblk1.genblk1.genblk1.lut7 (4 -> 3)
  Optimizing lut $auto$abc9_ops.cc:1552:reintegrate$3706.genblk1.genblk1.genblk1.genblk1.genblk1.genblk1.genblk1.lut2 (4 -> 3)
  Optimizing lut $auto$abc9_ops.cc:1552:reintegrate$3706.genblk1.genblk1.genblk1.genblk1.genblk1.genblk1.genblk1.lut3 (4 -> 3)
  Optimizing lut $auto$abc9_ops.cc:1552:reintegrate$3706.genblk1.genblk1.genblk1.genblk1.genblk1.genblk1.genblk1.lut4 (4 -> 3)
  Optimizing lut $auto$abc9_ops.cc:1552:reintegrate$3706.genblk1.genblk1.genblk1.genblk1.genblk1.genblk1.genblk1.lut5 (4 -> 3)
  Optimizing lut $auto$abc9_ops.cc:1552:reintegrate$3706.genblk1.genblk1.genblk1.genblk1.genblk1.genblk1.genblk1.lut6 (4 -> 3)
  Optimizing lut $auto$abc9_ops.cc:1552:reintegrate$3706.genblk1.genblk1.genblk1.genblk1.genblk1.genblk1.genblk1.lut7 (4 -> 3)
  Optimizing lut $auto$abc9_ops.cc:1552:reintegrate$3709.genblk1.genblk1.genblk1.genblk1.genblk1.genblk1.genblk1.lut2 (4 -> 3)
  Optimizing lut $auto$abc9_ops.cc:1552:reintegrate$3709.genblk1.genblk1.genblk1.genblk1.genblk1.genblk1.genblk1.lut3 (4 -> 3)
  Optimizing lut $auto$abc9_ops.cc:1552:reintegrate$3709.genblk1.genblk1.genblk1.genblk1.genblk1.genblk1.genblk1.lut4 (4 -> 3)
  Optimizing lut $auto$abc9_ops.cc:1552:reintegrate$3709.genblk1.genblk1.genblk1.genblk1.genblk1.genblk1.genblk1.lut5 (4 -> 3)
  Optimizing lut $auto$abc9_ops.cc:1552:reintegrate$3709.genblk1.genblk1.genblk1.genblk1.genblk1.genblk1.genblk1.lut6 (4 -> 3)
  Optimizing lut $auto$abc9_ops.cc:1552:reintegrate$3709.genblk1.genblk1.genblk1.genblk1.genblk1.genblk1.genblk1.lut7 (4 -> 3)
  Optimizing lut $auto$abc9_ops.cc:1552:reintegrate$3711.genblk1.genblk1.genblk1.genblk1.genblk1.genblk1.lut3 (4 -> 2)
  Optimizing lut $auto$abc9_ops.cc:1552:reintegrate$3706.genblk1.genblk1.genblk1.genblk1.genblk1.genblk1.genblk1.lut1 (4 -> 3)
  Optimizing lut $auto$abc9_ops.cc:1552:reintegrate$3701.genblk1.genblk1.genblk1.genblk1.genblk1.genblk1.genblk1.lut0 (4 -> 3)
  Optimizing lut $auto$abc9_ops.cc:1552:reintegrate$3698.genblk1.genblk1.genblk1.genblk1.genblk1.genblk1.genblk1.lut0 (4 -> 3)
  Optimizing lut $auto$abc9_ops.cc:1552:reintegrate$3709.genblk1.genblk1.genblk1.genblk1.genblk1.genblk1.genblk1.lut1 (4 -> 3)
  Optimizing lut $auto$abc9_ops.cc:1552:reintegrate$3693.genblk1.genblk1.genblk1.genblk1.genblk1.genblk1.genblk1.lut0 (4 -> 3)
  Optimizing lut $auto$abc9_ops.cc:1552:reintegrate$3711.genblk1.genblk1.genblk1.genblk1.genblk1.genblk1.lut1 (4 -> 2)
  Optimizing lut $auto$abc9_ops.cc:1552:reintegrate$3692.genblk1.genblk1.genblk1.genblk1.genblk1.genblk1.genblk1.lut0 (4 -> 3)
  Optimizing lut $auto$abc9_ops.cc:1552:reintegrate$3695.genblk1.genblk1.genblk1.genblk1.genblk1.genblk1.genblk1.lut0 (4 -> 3)
  Optimizing lut $auto$abc9_ops.cc:1552:reintegrate$3700.genblk1.genblk1.genblk1.genblk1.genblk1.genblk1.genblk1.lut0 (4 -> 3)
  Optimizing lut $auto$abc9_ops.cc:1552:reintegrate$3697.genblk1.genblk1.genblk1.genblk1.genblk1.genblk1.genblk1.lut0 (4 -> 3)
  Optimizing lut $auto$abc9_ops.cc:1552:reintegrate$3706.genblk1.genblk1.genblk1.genblk1.genblk1.genblk1.genblk1.lut0 (4 -> 3)
  Optimizing lut $auto$abc9_ops.cc:1552:reintegrate$3709.genblk1.genblk1.genblk1.genblk1.genblk1.genblk1.genblk1.lut0 (4 -> 3)
  Optimizing lut $auto$abc9_ops.cc:1552:reintegrate$3694.genblk1.genblk1.genblk1.genblk1.genblk1.genblk1.genblk1.lut0 (4 -> 3)
  Optimizing lut $auto$abc9_ops.cc:1552:reintegrate$3702.genblk1.genblk1.genblk1.genblk1.genblk1.genblk1.genblk1.lut0 (4 -> 3)
  Optimizing lut $auto$abc9_ops.cc:1552:reintegrate$3696.genblk1.genblk1.genblk1.genblk1.genblk1.genblk1.genblk1.lut0 (4 -> 3)
  Optimizing lut $auto$abc9_ops.cc:1552:reintegrate$3704.genblk1.genblk1.genblk1.genblk1.genblk1.genblk1.genblk1.lut1 (4 -> 3)
  Optimizing lut $auto$abc9_ops.cc:1552:reintegrate$3699.genblk1.genblk1.genblk1.genblk1.genblk1.genblk1.genblk1.lut0 (4 -> 3)
  Optimizing lut $auto$abc9_ops.cc:1552:reintegrate$3704.genblk1.genblk1.genblk1.genblk1.genblk1.genblk1.genblk1.lut0 (4 -> 3)
  Optimizing lut $auto$abc9_ops.cc:1552:reintegrate$3691.genblk1.genblk1.genblk1.genblk1.genblk1.genblk1.genblk1.lut1 (4 -> 3)
  Optimizing lut $auto$abc9_ops.cc:1552:reintegrate$3713.genblk1.genblk1.genblk1.genblk1.genblk1.lut0 (4 -> 2)
  Optimizing lut $auto$abc9_ops.cc:1552:reintegrate$3711.genblk1.genblk1.genblk1.genblk1.genblk1.genblk1.lut0 (4 -> 2)
  Optimizing lut $auto$abc9_ops.cc:1552:reintegrate$3691.genblk1.genblk1.genblk1.genblk1.genblk1.genblk1.genblk1.lut0 (4 -> 3)
Removed 0 unused cells and 152 unused wires.

4.48. Executing AUTONAME pass.
Renamed 725 objects in module OscillatorTop (100 iterations).
<suppressed ~725 debug messages>

4.49. Executing HIERARCHY pass (managing design hierarchy).
Attribute `top' found on module `OscillatorTop'. Setting top module to OscillatorTop.

4.49.1. Analyzing design hierarchy..
Top module:  \OscillatorTop

4.49.2. Analyzing design hierarchy..
Top module:  \OscillatorTop
Removed 0 unused modules.

4.50. Printing statistics.

=== OscillatorTop ===

        +----------Local Count, excluding submodules.
        | 
      422 wires
     1109 wire bits
      422 public wires
     1109 public wire bits
        6 ports
        6 port bits
       12 cells
       10   $scopeinfo
        2   EHXPLLL
      406 submodules
       27   CCU2C
       46   L6MUX21
      166   LUT4
       63   PFUMX
      104   TRELLIS_FF

=== design hierarchy ===

        +----------Count including submodules.
        | 
       12 OscillatorTop

        +----------Count including submodules.
        | 
      422 wires
     1109 wire bits
      422 public wires
     1109 public wire bits
        6 ports
        6 port bits
        - memories
        - memory bits
        - processes
       12 cells
       10   $scopeinfo
        2   EHXPLLL
      406 submodules
       27   CCU2C
       46   L6MUX21
      166   LUT4
       63   PFUMX
      104   TRELLIS_FF

4.51. Executing CHECK pass (checking for obvious problems).
Checking module OscillatorTop...
Found and reported 0 problems.

4.52. Executing JSON backend.

End of script. Logfile hash: c9ca2434bd, CPU: user 0.88s system 0.07s, MEM: 32.57 MB peak
Yosys 0.62+39 (git sha1 131911291, clang++ 18.1.8 -fPIC -O3)
Time spent: 32% 25x read_verilog (0 sec), 14% 1x abc9_exe (0 sec), ...
